Ind1Name,Dim1Name,Dim1Value,Dim2Name,Dim2Value,Date ,Select Metric,
Influenza-like illness (ILI),Borough,Bronx,Age Group,All age groups,2025 wk27,Average Ratio,0.0047
Influenza-like illness (ILI),Borough,Bronx,Age Group,All age groups,2025 wk28,Average Ratio,0.0046
Influenza-like illness (ILI),Borough,Bronx,Age Group,All age groups,2025 wk29,Average Ratio,0.0039
Influenza-like illness (ILI),Borough,Bronx,Age Group,All age groups,2025 wk30,Average Ratio,0.0041
Influenza-like illness (ILI),Borough,Bronx,Age Group,All age groups,2025 wk31,Average Ratio,0.0033
Influenza-like illness (ILI),Borough,Bronx,Age Group,All age groups,2025 wk32,Average Ratio,0.0037
Influenza-like illness (ILI),Borough,Bronx,Age Group,All age groups,2025 wk33,Average Ratio,0.0043
Influenza-like illness (ILI),Borough,Bronx,Age Group,All age groups,2025 wk34,Average Ratio,0.0041
Influenza-like illness (ILI),Borough,Bronx,Age Group,All age groups,2025 wk35,Average Ratio,0.0037
Influenza-like illness (ILI),Borough,Bronx,Age Group,All age groups,2025 wk36,Average Ratio,0.0035
Influenza-like illness (ILI),Borough,Bronx,Age Group,All age groups,2025 wk37,Average Ratio,0.0039
Influenza-like illness (ILI),Borough,Bronx,Age Group,All age groups,2025 wk38,Average Ratio,0.0055
Influenza-like illness (ILI),Borough,Bronx,Age Group,All age groups,2025 wk39,Average Ratio,0.0055
Influenza-like illness (ILI),Borough,Bronx,Age Group,All age groups,2025 wk40,Average Ratio,0.005
Influenza-like illness (ILI),Borough,Bronx,Age Group,All age groups,2025 wk41,Average Ratio,0.0046
Influenza-like illness (ILI),Borough,Bronx,Age Group,All age groups,2025 wk42,Average Ratio,0.005
Influenza-like illness (ILI),Borough,Bronx,Age Group,All age groups,2025 wk43,Average Ratio,0.0056
Influenza-like illness (ILI),Borough,Bronx,Age Group,All age groups,2025 wk44,Average Ratio,0.0059
Influenza-like illness (ILI),Borough,Bronx,Age Group,All age groups,2025 wk45,Average Ratio,0.0065
Influenza-like illness (ILI),Borough,Bronx,Age Group,All age groups,2025 wk46,Average Ratio,0.0062
Influenza-like illness (ILI),Borough,Bronx,Age Group,All age groups,2025 wk47,Average Ratio,0.0091
Influenza-like illness (ILI),Borough,Bronx,Age Group,All age groups,2025 wk48,Average Ratio,0.0132
Influenza-like illness (ILI),Borough,Bronx,Age Group,All age groups,2025 wk49,Average Ratio,0.0162
Influenza-like illness (ILI),Borough,Bronx,Age Group,All age groups,2025 wk50,Average Ratio,0.0239
Influenza-like illness (ILI),Borough,Bronx,Age Group,All age groups,2025 wk51,Average Ratio,0.0306
Influenza-like illness (ILI),Borough,Bronx,Age Group,Ages 0-4 years,2025 wk27,Average Ratio,0.0279
Influenza-like illness (ILI),Borough,Bronx,Age Group,Ages 0-4 years,2025 wk28,Average Ratio,0.0289
Influenza-like illness (ILI),Borough,Bronx,Age Group,Ages 0-4 years,2025 wk29,Average Ratio,0.0256
Influenza-like illness (ILI),Borough,Bronx,Age Group,Ages 0-4 years,2025 wk30,Average Ratio,0.0229
Influenza-like illness (ILI),Borough,Bronx,Age Group,Ages 0-4 years,2025 wk31,Average Ratio,0.0163
Influenza-like illness (ILI),Borough,Bronx,Age Group,Ages 0-4 years,2025 wk32,Average Ratio,0.0195
Influenza-like illness (ILI),Borough,Bronx,Age Group,Ages 0-4 years,2025 wk33,Average Ratio,0.0198
Influenza-like illness (ILI),Borough,Bronx,Age Group,Ages 0-4 years,2025 wk34,Average Ratio,0.0201
Influenza-like illness (ILI),Borough,Bronx,Age Group,Ages 0-4 years,2025 wk35,Average Ratio,0.0169
Influenza-like illness (ILI),Borough,Bronx,Age Group,Ages 0-4 years,2025 wk36,Average Ratio,0.0206
Influenza-like illness (ILI),Borough,Bronx,Age Group,Ages 0-4 years,2025 wk37,Average Ratio,0.0174
Influenza-like illness (ILI),Borough,Bronx,Age Group,Ages 0-4 years,2025 wk38,Average Ratio,0.0271
Influenza-like illness (ILI),Borough,Bronx,Age Group,Ages 0-4 years,2025 wk39,Average Ratio,0.0299
Influenza-like illness (ILI),Borough,Bronx,Age Group,Ages 0-4 years,2025 wk40,Average Ratio,0.0282
Influenza-like illness (ILI),Borough,Bronx,Age Group,Ages 0-4 years,2025 wk41,Average Ratio,0.0262
Influenza-like illness (ILI),Borough,Bronx,Age Group,Ages 0-4 years,2025 wk42,Average Ratio,0.0327
Influenza-like illness (ILI),Borough,Bronx,Age Group,Ages 0-4 years,2025 wk43,Average Ratio,0.0285
Influenza-like illness (ILI),Borough,Bronx,Age Group,Ages 0-4 years,2025 wk44,Average Ratio,0.0332
Influenza-like illness (ILI),Borough,Bronx,Age Group,Ages 0-4 years,2025 wk45,Average Ratio,0.0356
Influenza-like illness (ILI),Borough,Bronx,Age Group,Ages 0-4 years,2025 wk46,Average Ratio,0.0341
Influenza-like illness (ILI),Borough,Bronx,Age Group,Ages 0-4 years,2025 wk47,Average Ratio,0.0364
Influenza-like illness (ILI),Borough,Bronx,Age Group,Ages 0-4 years,2025 wk48,Average Ratio,0.044
Influenza-like illness (ILI),Borough,Bronx,Age Group,Ages 0-4 years,2025 wk49,Average Ratio,0.0562
Influenza-like illness (ILI),Borough,Bronx,Age Group,Ages 0-4 years,2025 wk50,Average Ratio,0.0659
Influenza-like illness (ILI),Borough,Bronx,Age Group,Ages 0-4 years,2025 wk51,Average Ratio,0.0758
Influenza-like illness (ILI),Borough,Bronx,Age Group,Ages 5-17 years,2025 wk27,Average Ratio,0.014
Influenza-like illness (ILI),Borough,Bronx,Age Group,Ages 5-17 years,2025 wk28,Average Ratio,0.0133
Influenza-like illness (ILI),Borough,Bronx,Age Group,Ages 5-17 years,2025 wk29,Average Ratio,0.0109
Influenza-like illness (ILI),Borough,Bronx,Age Group,Ages 5-17 years,2025 wk30,Average Ratio,0.0096
Influenza-like illness (ILI),Borough,Bronx,Age Group,Ages 5-17 years,2025 wk31,Average Ratio,0.0089
Influenza-like illness (ILI),Borough,Bronx,Age Group,Ages 5-17 years,2025 wk32,Average Ratio,0.0075
Influenza-like illness (ILI),Borough,Bronx,Age Group,Ages 5-17 years,2025 wk33,Average Ratio,0.0129
Influenza-like illness (ILI),Borough,Bronx,Age Group,Ages 5-17 years,2025 wk34,Average Ratio,0.0124
Influenza-like illness (ILI),Borough,Bronx,Age Group,Ages 5-17 years,2025 wk35,Average Ratio,0.007
Influenza-like illness (ILI),Borough,Bronx,Age Group,Ages 5-17 years,2025 wk36,Average Ratio,0.008
Influenza-like illness (ILI),Borough,Bronx,Age Group,Ages 5-17 years,2025 wk37,Average Ratio,0.0095
Influenza-like illness (ILI),Borough,Bronx,Age Group,Ages 5-17 years,2025 wk38,Average Ratio,0.0142
Influenza-like illness (ILI),Borough,Bronx,Age Group,Ages 5-17 years,2025 wk39,Average Ratio,0.0125
Influenza-like illness (ILI),Borough,Bronx,Age Group,Ages 5-17 years,2025 wk40,Average Ratio,0.0091
Influenza-like illness (ILI),Borough,Bronx,Age Group,Ages 5-17 years,2025 wk41,Average Ratio,0.011
Influenza-like illness (ILI),Borough,Bronx,Age Group,Ages 5-17 years,2025 wk42,Average Ratio,0.0109
Influenza-like illness (ILI),Borough,Bronx,Age Group,Ages 5-17 years,2025 wk43,Average Ratio,0.0151
Influenza-like illness (ILI),Borough,Bronx,Age Group,Ages 5-17 years,2025 wk44,Average Ratio,0.0156
Influenza-like illness (ILI),Borough,Bronx,Age Group,Ages 5-17 years,2025 wk45,Average Ratio,0.0148
Influenza-like illness (ILI),Borough,Bronx,Age Group,Ages 5-17 years,2025 wk46,Average Ratio,0.0164
Influenza-like illness (ILI),Borough,Bronx,Age Group,Ages 5-17 years,2025 wk47,Average Ratio,0.0283
Influenza-like illness (ILI),Borough,Bronx,Age Group,Ages 5-17 years,2025 wk48,Average Ratio,0.0432
Influenza-like illness (ILI),Borough,Bronx,Age Group,Ages 5-17 years,2025 wk49,Average Ratio,0.0459
Influenza-like illness (ILI),Borough,Bronx,Age Group,Ages 5-17 years,2025 wk50,Average Ratio,0.0674
Influenza-like illness (ILI),Borough,Bronx,Age Group,Ages 5-17 years,2025 wk51,Average Ratio,0.0829
Influenza-like illness (ILI),Borough,Bronx,Age Group,Ages 18-64 years,2025 wk27,Average Ratio,0.0021
Influenza-like illness (ILI),Borough,Bronx,Age Group,Ages 18-64 years,2025 wk28,Average Ratio,0.002
Influenza-like illness (ILI),Borough,Bronx,Age Group,Ages 18-64 years,2025 wk29,Average Ratio,0.0017
Influenza-like illness (ILI),Borough,Bronx,Age Group,Ages 18-64 years,2025 wk30,Average Ratio,0.0026
Influenza-like illness (ILI),Borough,Bronx,Age Group,Ages 18-64 years,2025 wk31,Average Ratio,0.0022
Influenza-like illness (ILI),Borough,Bronx,Age Group,Ages 18-64 years,2025 wk32,Average Ratio,0.0026
Influenza-like illness (ILI),Borough,Bronx,Age Group,Ages 18-64 years,2025 wk33,Average Ratio,0.003
Influenza-like illness (ILI),Borough,Bronx,Age Group,Ages 18-64 years,2025 wk34,Average Ratio,0.0028
Influenza-like illness (ILI),Borough,Bronx,Age Group,Ages 18-64 years,2025 wk35,Average Ratio,0.0027
Influenza-like illness (ILI),Borough,Bronx,Age Group,Ages 18-64 years,2025 wk36,Average Ratio,0.0022
Influenza-like illness (ILI),Borough,Bronx,Age Group,Ages 18-64 years,2025 wk37,Average Ratio,0.0027
Influenza-like illness (ILI),Borough,Bronx,Age Group,Ages 18-64 years,2025 wk38,Average Ratio,0.003
Influenza-like illness (ILI),Borough,Bronx,Age Group,Ages 18-64 years,2025 wk39,Average Ratio,0.0031
Influenza-like illness (ILI),Borough,Bronx,Age Group,Ages 18-64 years,2025 wk40,Average Ratio,0.0031
Influenza-like illness (ILI),Borough,Bronx,Age Group,Ages 18-64 years,2025 wk41,Average Ratio,0.0025
Influenza-like illness (ILI),Borough,Bronx,Age Group,Ages 18-64 years,2025 wk42,Average Ratio,0.0024
Influenza-like illness (ILI),Borough,Bronx,Age Group,Ages 18-64 years,2025 wk43,Average Ratio,0.0029
Influenza-like illness (ILI),Borough,Bronx,Age Group,Ages 18-64 years,2025 wk44,Average Ratio,0.003
Influenza-like illness (ILI),Borough,Bronx,Age Group,Ages 18-64 years,2025 wk45,Average Ratio,0.0037
Influenza-like illness (ILI),Borough,Bronx,Age Group,Ages 18-64 years,2025 wk46,Average Ratio,0.003
Influenza-like illness (ILI),Borough,Bronx,Age Group,Ages 18-64 years,2025 wk47,Average Ratio,0.0045
Influenza-like illness (ILI),Borough,Bronx,Age Group,Ages 18-64 years,2025 wk48,Average Ratio,0.0063
Influenza-like illness (ILI),Borough,Bronx,Age Group,Ages 18-64 years,2025 wk49,Average Ratio,0.0083
Influenza-like illness (ILI),Borough,Bronx,Age Group,Ages 18-64 years,2025 wk50,Average Ratio,0.0132
Influenza-like illness (ILI),Borough,Bronx,Age Group,Ages 18-64 years,2025 wk51,Average Ratio,0.0158
Influenza-like illness (ILI),Borough,Bronx,Age Group,Ages 65+ years,2025 wk27,Average Ratio,0.0015
Influenza-like illness (ILI),Borough,Bronx,Age Group,Ages 65+ years,2025 wk28,Average Ratio,0.0014
Influenza-like illness (ILI),Borough,Bronx,Age Group,Ages 65+ years,2025 wk29,Average Ratio,0.0011
Influenza-like illness (ILI),Borough,Bronx,Age Group,Ages 65+ years,2025 wk30,Average Ratio,0.0006
Influenza-like illness (ILI),Borough,Bronx,Age Group,Ages 65+ years,2025 wk31,Average Ratio,0.0009
Influenza-like illness (ILI),Borough,Bronx,Age Group,Ages 65+ years,2025 wk32,Average Ratio,0.0012
Influenza-like illness (ILI),Borough,Bronx,Age Group,Ages 65+ years,2025 wk33,Average Ratio,0.0009
Influenza-like illness (ILI),Borough,Bronx,Age Group,Ages 65+ years,2025 wk34,Average Ratio,0.001
Influenza-like illness (ILI),Borough,Bronx,Age Group,Ages 65+ years,2025 wk35,Average Ratio,0.0015
Influenza-like illness (ILI),Borough,Bronx,Age Group,Ages 65+ years,2025 wk36,Average Ratio,0.0009
Influenza-like illness (ILI),Borough,Bronx,Age Group,Ages 65+ years,2025 wk37,Average Ratio,0.001
Influenza-like illness (ILI),Borough,Bronx,Age Group,Ages 65+ years,2025 wk38,Average Ratio,0.0013
Influenza-like illness (ILI),Borough,Bronx,Age Group,Ages 65+ years,2025 wk39,Average Ratio,0.0013
Influenza-like illness (ILI),Borough,Bronx,Age Group,Ages 65+ years,2025 wk40,Average Ratio,0.0015
Influenza-like illness (ILI),Borough,Bronx,Age Group,Ages 65+ years,2025 wk41,Average Ratio,0.0011
Influenza-like illness (ILI),Borough,Bronx,Age Group,Ages 65+ years,2025 wk42,Average Ratio,0.0011
Influenza-like illness (ILI),Borough,Bronx,Age Group,Ages 65+ years,2025 wk43,Average Ratio,0.0015
Influenza-like illness (ILI),Borough,Bronx,Age Group,Ages 65+ years,2025 wk44,Average Ratio,0.0011
Influenza-like illness (ILI),Borough,Bronx,Age Group,Ages 65+ years,2025 wk45,Average Ratio,0.0009
Influenza-like illness (ILI),Borough,Bronx,Age Group,Ages 65+ years,2025 wk46,Average Ratio,0.0012
Influenza-like illness (ILI),Borough,Bronx,Age Group,Ages 65+ years,2025 wk47,Average Ratio,0.002
Influenza-like illness (ILI),Borough,Bronx,Age Group,Ages 65+ years,2025 wk48,Average Ratio,0.0026
Influenza-like illness (ILI),Borough,Bronx,Age Group,Ages 65+ years,2025 wk49,Average Ratio,0.0036
Influenza-like illness (ILI),Borough,Bronx,Age Group,Ages 65+ years,2025 wk50,Average Ratio,0.0042
Influenza-like illness (ILI),Borough,Bronx,Age Group,Ages 65+ years,2025 wk51,Average Ratio,0.0052
Influenza-like illness (ILI),Borough,Brooklyn,Age Group,All age groups,2025 wk27,Average Ratio,0.0043
Influenza-like illness (ILI),Borough,Brooklyn,Age Group,All age groups,2025 wk28,Average Ratio,0.0041
Influenza-like illness (ILI),Borough,Brooklyn,Age Group,All age groups,2025 wk29,Average Ratio,0.004
Influenza-like illness (ILI),Borough,Brooklyn,Age Group,All age groups,2025 wk30,Average Ratio,0.0041
Influenza-like illness (ILI),Borough,Brooklyn,Age Group,All age groups,2025 wk31,Average Ratio,0.0039
Influenza-like illness (ILI),Borough,Brooklyn,Age Group,All age groups,2025 wk32,Average Ratio,0.0038
Influenza-like illness (ILI),Borough,Brooklyn,Age Group,All age groups,2025 wk33,Average Ratio,0.0041
Influenza-like illness (ILI),Borough,Brooklyn,Age Group,All age groups,2025 wk34,Average Ratio,0.0042
Influenza-like illness (ILI),Borough,Brooklyn,Age Group,All age groups,2025 wk35,Average Ratio,0.0035
Influenza-like illness (ILI),Borough,Brooklyn,Age Group,All age groups,2025 wk36,Average Ratio,0.0037
Influenza-like illness (ILI),Borough,Brooklyn,Age Group,All age groups,2025 wk37,Average Ratio,0.0043
Influenza-like illness (ILI),Borough,Brooklyn,Age Group,All age groups,2025 wk38,Average Ratio,0.0054
Influenza-like illness (ILI),Borough,Brooklyn,Age Group,All age groups,2025 wk39,Average Ratio,0.0055
Influenza-like illness (ILI),Borough,Brooklyn,Age Group,All age groups,2025 wk40,Average Ratio,0.0055
Influenza-like illness (ILI),Borough,Brooklyn,Age Group,All age groups,2025 wk41,Average Ratio,0.0051
Influenza-like illness (ILI),Borough,Brooklyn,Age Group,All age groups,2025 wk42,Average Ratio,0.005
Influenza-like illness (ILI),Borough,Brooklyn,Age Group,All age groups,2025 wk43,Average Ratio,0.0053
Influenza-like illness (ILI),Borough,Brooklyn,Age Group,All age groups,2025 wk44,Average Ratio,0.0061
Influenza-like illness (ILI),Borough,Brooklyn,Age Group,All age groups,2025 wk45,Average Ratio,0.0068
Influenza-like illness (ILI),Borough,Brooklyn,Age Group,All age groups,2025 wk46,Average Ratio,0.0084
Influenza-like illness (ILI),Borough,Brooklyn,Age Group,All age groups,2025 wk47,Average Ratio,0.0113
Influenza-like illness (ILI),Borough,Brooklyn,Age Group,All age groups,2025 wk48,Average Ratio,0.0162
Influenza-like illness (ILI),Borough,Brooklyn,Age Group,All age groups,2025 wk49,Average Ratio,0.0182
Influenza-like illness (ILI),Borough,Brooklyn,Age Group,All age groups,2025 wk50,Average Ratio,0.024
Influenza-like illness (ILI),Borough,Brooklyn,Age Group,All age groups,2025 wk51,Average Ratio,0.029
Influenza-like illness (ILI),Borough,Brooklyn,Age Group,Ages 0-4 years,2025 wk27,Average Ratio,0.0247
Influenza-like illness (ILI),Borough,Brooklyn,Age Group,Ages 0-4 years,2025 wk28,Average Ratio,0.0224
Influenza-like illness (ILI),Borough,Brooklyn,Age Group,Ages 0-4 years,2025 wk29,Average Ratio,0.0232
Influenza-like illness (ILI),Borough,Brooklyn,Age Group,Ages 0-4 years,2025 wk30,Average Ratio,0.0213
Influenza-like illness (ILI),Borough,Brooklyn,Age Group,Ages 0-4 years,2025 wk31,Average Ratio,0.0192
Influenza-like illness (ILI),Borough,Brooklyn,Age Group,Ages 0-4 years,2025 wk32,Average Ratio,0.0193
Influenza-like illness (ILI),Borough,Brooklyn,Age Group,Ages 0-4 years,2025 wk33,Average Ratio,0.0215
Influenza-like illness (ILI),Borough,Brooklyn,Age Group,Ages 0-4 years,2025 wk34,Average Ratio,0.0209
Influenza-like illness (ILI),Borough,Brooklyn,Age Group,Ages 0-4 years,2025 wk35,Average Ratio,0.0176
Influenza-like illness (ILI),Borough,Brooklyn,Age Group,Ages 0-4 years,2025 wk36,Average Ratio,0.0158
Influenza-like illness (ILI),Borough,Brooklyn,Age Group,Ages 0-4 years,2025 wk37,Average Ratio,0.0176
Influenza-like illness (ILI),Borough,Brooklyn,Age Group,Ages 0-4 years,2025 wk38,Average Ratio,0.0245
Influenza-like illness (ILI),Borough,Brooklyn,Age Group,Ages 0-4 years,2025 wk39,Average Ratio,0.0251
Influenza-like illness (ILI),Borough,Brooklyn,Age Group,Ages 0-4 years,2025 wk40,Average Ratio,0.0285
Influenza-like illness (ILI),Borough,Brooklyn,Age Group,Ages 0-4 years,2025 wk41,Average Ratio,0.025
Influenza-like illness (ILI),Borough,Brooklyn,Age Group,Ages 0-4 years,2025 wk42,Average Ratio,0.0237
Influenza-like illness (ILI),Borough,Brooklyn,Age Group,Ages 0-4 years,2025 wk43,Average Ratio,0.0298
Influenza-like illness (ILI),Borough,Brooklyn,Age Group,Ages 0-4 years,2025 wk44,Average Ratio,0.0311
Influenza-like illness (ILI),Borough,Brooklyn,Age Group,Ages 0-4 years,2025 wk45,Average Ratio,0.0338
Influenza-like illness (ILI),Borough,Brooklyn,Age Group,Ages 0-4 years,2025 wk46,Average Ratio,0.0421
Influenza-like illness (ILI),Borough,Brooklyn,Age Group,Ages 0-4 years,2025 wk47,Average Ratio,0.0455
Influenza-like illness (ILI),Borough,Brooklyn,Age Group,Ages 0-4 years,2025 wk48,Average Ratio,0.0561
Influenza-like illness (ILI),Borough,Brooklyn,Age Group,Ages 0-4 years,2025 wk49,Average Ratio,0.0598
Influenza-like illness (ILI),Borough,Brooklyn,Age Group,Ages 0-4 years,2025 wk50,Average Ratio,0.0618
Influenza-like illness (ILI),Borough,Brooklyn,Age Group,Ages 0-4 years,2025 wk51,Average Ratio,0.068
Influenza-like illness (ILI),Borough,Brooklyn,Age Group,Ages 5-17 years,2025 wk27,Average Ratio,0.0099
Influenza-like illness (ILI),Borough,Brooklyn,Age Group,Ages 5-17 years,2025 wk28,Average Ratio,0.0082
Influenza-like illness (ILI),Borough,Brooklyn,Age Group,Ages 5-17 years,2025 wk29,Average Ratio,0.0083
Influenza-like illness (ILI),Borough,Brooklyn,Age Group,Ages 5-17 years,2025 wk30,Average Ratio,0.0128
Influenza-like illness (ILI),Borough,Brooklyn,Age Group,Ages 5-17 years,2025 wk31,Average Ratio,0.0103
Influenza-like illness (ILI),Borough,Brooklyn,Age Group,Ages 5-17 years,2025 wk32,Average Ratio,0.0086
Influenza-like illness (ILI),Borough,Brooklyn,Age Group,Ages 5-17 years,2025 wk33,Average Ratio,0.0085
Influenza-like illness (ILI),Borough,Brooklyn,Age Group,Ages 5-17 years,2025 wk34,Average Ratio,0.0117
Influenza-like illness (ILI),Borough,Brooklyn,Age Group,Ages 5-17 years,2025 wk35,Average Ratio,0.0077
Influenza-like illness (ILI),Borough,Brooklyn,Age Group,Ages 5-17 years,2025 wk36,Average Ratio,0.0062
Influenza-like illness (ILI),Borough,Brooklyn,Age Group,Ages 5-17 years,2025 wk37,Average Ratio,0.0099
Influenza-like illness (ILI),Borough,Brooklyn,Age Group,Ages 5-17 years,2025 wk38,Average Ratio,0.0129
Influenza-like illness (ILI),Borough,Brooklyn,Age Group,Ages 5-17 years,2025 wk39,Average Ratio,0.0108
Influenza-like illness (ILI),Borough,Brooklyn,Age Group,Ages 5-17 years,2025 wk40,Average Ratio,0.0121
Influenza-like illness (ILI),Borough,Brooklyn,Age Group,Ages 5-17 years,2025 wk41,Average Ratio,0.0118
Influenza-like illness (ILI),Borough,Brooklyn,Age Group,Ages 5-17 years,2025 wk42,Average Ratio,0.0133
Influenza-like illness (ILI),Borough,Brooklyn,Age Group,Ages 5-17 years,2025 wk43,Average Ratio,0.0104
Influenza-like illness (ILI),Borough,Brooklyn,Age Group,Ages 5-17 years,2025 wk44,Average Ratio,0.0154
Influenza-like illness (ILI),Borough,Brooklyn,Age Group,Ages 5-17 years,2025 wk45,Average Ratio,0.017
Influenza-like illness (ILI),Borough,Brooklyn,Age Group,Ages 5-17 years,2025 wk46,Average Ratio,0.0221
Influenza-like illness (ILI),Borough,Brooklyn,Age Group,Ages 5-17 years,2025 wk47,Average Ratio,0.0327
Influenza-like illness (ILI),Borough,Brooklyn,Age Group,Ages 5-17 years,2025 wk48,Average Ratio,0.0502
Influenza-like illness (ILI),Borough,Brooklyn,Age Group,Ages 5-17 years,2025 wk49,Average Ratio,0.0425
Influenza-like illness (ILI),Borough,Brooklyn,Age Group,Ages 5-17 years,2025 wk50,Average Ratio,0.0598
Influenza-like illness (ILI),Borough,Brooklyn,Age Group,Ages 5-17 years,2025 wk51,Average Ratio,0.07
Influenza-like illness (ILI),Borough,Brooklyn,Age Group,Ages 18-64 years,2025 wk27,Average Ratio,0.0022
Influenza-like illness (ILI),Borough,Brooklyn,Age Group,Ages 18-64 years,2025 wk28,Average Ratio,0.0024
Influenza-like illness (ILI),Borough,Brooklyn,Age Group,Ages 18-64 years,2025 wk29,Average Ratio,0.0024
Influenza-like illness (ILI),Borough,Brooklyn,Age Group,Ages 18-64 years,2025 wk30,Average Ratio,0.0022
Influenza-like illness (ILI),Borough,Brooklyn,Age Group,Ages 18-64 years,2025 wk31,Average Ratio,0.0025
Influenza-like illness (ILI),Borough,Brooklyn,Age Group,Ages 18-64 years,2025 wk32,Average Ratio,0.0026
Influenza-like illness (ILI),Borough,Brooklyn,Age Group,Ages 18-64 years,2025 wk33,Average Ratio,0.0028
Influenza-like illness (ILI),Borough,Brooklyn,Age Group,Ages 18-64 years,2025 wk34,Average Ratio,0.0029
Influenza-like illness (ILI),Borough,Brooklyn,Age Group,Ages 18-64 years,2025 wk35,Average Ratio,0.0023
Influenza-like illness (ILI),Borough,Brooklyn,Age Group,Ages 18-64 years,2025 wk36,Average Ratio,0.0026
Influenza-like illness (ILI),Borough,Brooklyn,Age Group,Ages 18-64 years,2025 wk37,Average Ratio,0.0031
Influenza-like illness (ILI),Borough,Brooklyn,Age Group,Ages 18-64 years,2025 wk38,Average Ratio,0.0032
Influenza-like illness (ILI),Borough,Brooklyn,Age Group,Ages 18-64 years,2025 wk39,Average Ratio,0.0035
Influenza-like illness (ILI),Borough,Brooklyn,Age Group,Ages 18-64 years,2025 wk40,Average Ratio,0.0033
Influenza-like illness (ILI),Borough,Brooklyn,Age Group,Ages 18-64 years,2025 wk41,Average Ratio,0.0031
Influenza-like illness (ILI),Borough,Brooklyn,Age Group,Ages 18-64 years,2025 wk42,Average Ratio,0.003
Influenza-like illness (ILI),Borough,Brooklyn,Age Group,Ages 18-64 years,2025 wk43,Average Ratio,0.0029
Influenza-like illness (ILI),Borough,Brooklyn,Age Group,Ages 18-64 years,2025 wk44,Average Ratio,0.0034
Influenza-like illness (ILI),Borough,Brooklyn,Age Group,Ages 18-64 years,2025 wk45,Average Ratio,0.0036
Influenza-like illness (ILI),Borough,Brooklyn,Age Group,Ages 18-64 years,2025 wk46,Average Ratio,0.0042
Influenza-like illness (ILI),Borough,Brooklyn,Age Group,Ages 18-64 years,2025 wk47,Average Ratio,0.0058
Influenza-like illness (ILI),Borough,Brooklyn,Age Group,Ages 18-64 years,2025 wk48,Average Ratio,0.0074
Influenza-like illness (ILI),Borough,Brooklyn,Age Group,Ages 18-64 years,2025 wk49,Average Ratio,0.0112
Influenza-like illness (ILI),Borough,Brooklyn,Age Group,Ages 18-64 years,2025 wk50,Average Ratio,0.0145
Influenza-like illness (ILI),Borough,Brooklyn,Age Group,Ages 18-64 years,2025 wk51,Average Ratio,0.0162
Influenza-like illness (ILI),Borough,Brooklyn,Age Group,Ages 65+ years,2025 wk27,Average Ratio,0.0014
Influenza-like illness (ILI),Borough,Brooklyn,Age Group,Ages 65+ years,2025 wk28,Average Ratio,0.0018
Influenza-like illness (ILI),Borough,Brooklyn,Age Group,Ages 65+ years,2025 wk29,Average Ratio,0.001
Influenza-like illness (ILI),Borough,Brooklyn,Age Group,Ages 65+ years,2025 wk30,Average Ratio,0.0012
Influenza-like illness (ILI),Borough,Brooklyn,Age Group,Ages 65+ years,2025 wk31,Average Ratio,0.0015
Influenza-like illness (ILI),Borough,Brooklyn,Age Group,Ages 65+ years,2025 wk32,Average Ratio,0.0013
Influenza-like illness (ILI),Borough,Brooklyn,Age Group,Ages 65+ years,2025 wk33,Average Ratio,0.0014
Influenza-like illness (ILI),Borough,Brooklyn,Age Group,Ages 65+ years,2025 wk34,Average Ratio,0.001
Influenza-like illness (ILI),Borough,Brooklyn,Age Group,Ages 65+ years,2025 wk35,Average Ratio,0.0016
Influenza-like illness (ILI),Borough,Brooklyn,Age Group,Ages 65+ years,2025 wk36,Average Ratio,0.0026
Influenza-like illness (ILI),Borough,Brooklyn,Age Group,Ages 65+ years,2025 wk37,Average Ratio,0.0017
Influenza-like illness (ILI),Borough,Brooklyn,Age Group,Ages 65+ years,2025 wk38,Average Ratio,0.0017
Influenza-like illness (ILI),Borough,Brooklyn,Age Group,Ages 65+ years,2025 wk39,Average Ratio,0.0024
Influenza-like illness (ILI),Borough,Brooklyn,Age Group,Ages 65+ years,2025 wk40,Average Ratio,0.0018
Influenza-like illness (ILI),Borough,Brooklyn,Age Group,Ages 65+ years,2025 wk41,Average Ratio,0.0015
Influenza-like illness (ILI),Borough,Brooklyn,Age Group,Ages 65+ years,2025 wk42,Average Ratio,0.0019
Influenza-like illness (ILI),Borough,Brooklyn,Age Group,Ages 65+ years,2025 wk43,Average Ratio,0.002
Influenza-like illness (ILI),Borough,Brooklyn,Age Group,Ages 65+ years,2025 wk44,Average Ratio,0.0015
Influenza-like illness (ILI),Borough,Brooklyn,Age Group,Ages 65+ years,2025 wk45,Average Ratio,0.002
Influenza-like illness (ILI),Borough,Brooklyn,Age Group,Ages 65+ years,2025 wk46,Average Ratio,0.0025
Influenza-like illness (ILI),Borough,Brooklyn,Age Group,Ages 65+ years,2025 wk47,Average Ratio,0.0029
Influenza-like illness (ILI),Borough,Brooklyn,Age Group,Ages 65+ years,2025 wk48,Average Ratio,0.0042
Influenza-like illness (ILI),Borough,Brooklyn,Age Group,Ages 65+ years,2025 wk49,Average Ratio,0.0051
Influenza-like illness (ILI),Borough,Brooklyn,Age Group,Ages 65+ years,2025 wk50,Average Ratio,0.0079
Influenza-like illness (ILI),Borough,Brooklyn,Age Group,Ages 65+ years,2025 wk51,Average Ratio,0.0102
Influenza-like illness (ILI),Borough,Manhattan,Age Group,All age groups,2025 wk27,Average Ratio,0.0022
Influenza-like illness (ILI),Borough,Manhattan,Age Group,All age groups,2025 wk28,Average Ratio,0.0021
Influenza-like illness (ILI),Borough,Manhattan,Age Group,All age groups,2025 wk29,Average Ratio,0.002
Influenza-like illness (ILI),Borough,Manhattan,Age Group,All age groups,2025 wk30,Average Ratio,0.0021
Influenza-like illness (ILI),Borough,Manhattan,Age Group,All age groups,2025 wk31,Average Ratio,0.0023
Influenza-like illness (ILI),Borough,Manhattan,Age Group,All age groups,2025 wk32,Average Ratio,0.0031
Influenza-like illness (ILI),Borough,Manhattan,Age Group,All age groups,2025 wk33,Average Ratio,0.0023
Influenza-like illness (ILI),Borough,Manhattan,Age Group,All age groups,2025 wk34,Average Ratio,0.0021
Influenza-like illness (ILI),Borough,Manhattan,Age Group,All age groups,2025 wk35,Average Ratio,0.0023
Influenza-like illness (ILI),Borough,Manhattan,Age Group,All age groups,2025 wk36,Average Ratio,0.0022
Influenza-like illness (ILI),Borough,Manhattan,Age Group,All age groups,2025 wk37,Average Ratio,0.0023
Influenza-like illness (ILI),Borough,Manhattan,Age Group,All age groups,2025 wk38,Average Ratio,0.0029
Influenza-like illness (ILI),Borough,Manhattan,Age Group,All age groups,2025 wk39,Average Ratio,0.0031
Influenza-like illness (ILI),Borough,Manhattan,Age Group,All age groups,2025 wk40,Average Ratio,0.0027
Influenza-like illness (ILI),Borough,Manhattan,Age Group,All age groups,2025 wk41,Average Ratio,0.0023
Influenza-like illness (ILI),Borough,Manhattan,Age Group,All age groups,2025 wk42,Average Ratio,0.0029
Influenza-like illness (ILI),Borough,Manhattan,Age Group,All age groups,2025 wk43,Average Ratio,0.0027
Influenza-like illness (ILI),Borough,Manhattan,Age Group,All age groups,2025 wk44,Average Ratio,0.0026
Influenza-like illness (ILI),Borough,Manhattan,Age Group,All age groups,2025 wk45,Average Ratio,0.0034
Influenza-like illness (ILI),Borough,Manhattan,Age Group,All age groups,2025 wk46,Average Ratio,0.0035
Influenza-like illness (ILI),Borough,Manhattan,Age Group,All age groups,2025 wk47,Average Ratio,0.0047
Influenza-like illness (ILI),Borough,Manhattan,Age Group,All age groups,2025 wk48,Average Ratio,0.0066
Influenza-like illness (ILI),Borough,Manhattan,Age Group,All age groups,2025 wk49,Average Ratio,0.0076
Influenza-like illness (ILI),Borough,Manhattan,Age Group,All age groups,2025 wk50,Average Ratio,0.0107
Influenza-like illness (ILI),Borough,Manhattan,Age Group,All age groups,2025 wk51,Average Ratio,0.0136
Influenza-like illness (ILI),Borough,Manhattan,Age Group,Ages 0-4 years,2025 wk27,Average Ratio,0.0123
Influenza-like illness (ILI),Borough,Manhattan,Age Group,Ages 0-4 years,2025 wk28,Average Ratio,0.0108
Influenza-like illness (ILI),Borough,Manhattan,Age Group,Ages 0-4 years,2025 wk29,Average Ratio,0.0097
Influenza-like illness (ILI),Borough,Manhattan,Age Group,Ages 0-4 years,2025 wk30,Average Ratio,0.0093
Influenza-like illness (ILI),Borough,Manhattan,Age Group,Ages 0-4 years,2025 wk31,Average Ratio,0.0108
Influenza-like illness (ILI),Borough,Manhattan,Age Group,Ages 0-4 years,2025 wk32,Average Ratio,0.0111
Influenza-like illness (ILI),Borough,Manhattan,Age Group,Ages 0-4 years,2025 wk33,Average Ratio,0.0078
Influenza-like illness (ILI),Borough,Manhattan,Age Group,Ages 0-4 years,2025 wk34,Average Ratio,0.0099
Influenza-like illness (ILI),Borough,Manhattan,Age Group,Ages 0-4 years,2025 wk35,Average Ratio,0.0089
Influenza-like illness (ILI),Borough,Manhattan,Age Group,Ages 0-4 years,2025 wk36,Average Ratio,0.0082
Influenza-like illness (ILI),Borough,Manhattan,Age Group,Ages 0-4 years,2025 wk37,Average Ratio,0.0099
Influenza-like illness (ILI),Borough,Manhattan,Age Group,Ages 0-4 years,2025 wk38,Average Ratio,0.0133
Influenza-like illness (ILI),Borough,Manhattan,Age Group,Ages 0-4 years,2025 wk39,Average Ratio,0.0113
Influenza-like illness (ILI),Borough,Manhattan,Age Group,Ages 0-4 years,2025 wk40,Average Ratio,0.0104
Influenza-like illness (ILI),Borough,Manhattan,Age Group,Ages 0-4 years,2025 wk41,Average Ratio,0.0106
Influenza-like illness (ILI),Borough,Manhattan,Age Group,Ages 0-4 years,2025 wk42,Average Ratio,0.0118
Influenza-like illness (ILI),Borough,Manhattan,Age Group,Ages 0-4 years,2025 wk43,Average Ratio,0.0119
Influenza-like illness (ILI),Borough,Manhattan,Age Group,Ages 0-4 years,2025 wk44,Average Ratio,0.0133
Influenza-like illness (ILI),Borough,Manhattan,Age Group,Ages 0-4 years,2025 wk45,Average Ratio,0.0146
Influenza-like illness (ILI),Borough,Manhattan,Age Group,Ages 0-4 years,2025 wk46,Average Ratio,0.0156
Influenza-like illness (ILI),Borough,Manhattan,Age Group,Ages 0-4 years,2025 wk47,Average Ratio,0.0186
Influenza-like illness (ILI),Borough,Manhattan,Age Group,Ages 0-4 years,2025 wk48,Average Ratio,0.0194
Influenza-like illness (ILI),Borough,Manhattan,Age Group,Ages 0-4 years,2025 wk49,Average Ratio,0.0215
Influenza-like illness (ILI),Borough,Manhattan,Age Group,Ages 0-4 years,2025 wk50,Average Ratio,0.0231
Influenza-like illness (ILI),Borough,Manhattan,Age Group,Ages 0-4 years,2025 wk51,Average Ratio,0.0285
Influenza-like illness (ILI),Borough,Manhattan,Age Group,Ages 5-17 years,2025 wk27,Average Ratio,0.0045
Influenza-like illness (ILI),Borough,Manhattan,Age Group,Ages 5-17 years,2025 wk28,Average Ratio,0.0051
Influenza-like illness (ILI),Borough,Manhattan,Age Group,Ages 5-17 years,2025 wk29,Average Ratio,0.0043
Influenza-like illness (ILI),Borough,Manhattan,Age Group,Ages 5-17 years,2025 wk30,Average Ratio,0.0044
Influenza-like illness (ILI),Borough,Manhattan,Age Group,Ages 5-17 years,2025 wk31,Average Ratio,0.005
Influenza-like illness (ILI),Borough,Manhattan,Age Group,Ages 5-17 years,2025 wk32,Average Ratio,0.0054
Influenza-like illness (ILI),Borough,Manhattan,Age Group,Ages 5-17 years,2025 wk33,Average Ratio,0.0039
Influenza-like illness (ILI),Borough,Manhattan,Age Group,Ages 5-17 years,2025 wk34,Average Ratio,0.0038
Influenza-like illness (ILI),Borough,Manhattan,Age Group,Ages 5-17 years,2025 wk35,Average Ratio,0.0048
Influenza-like illness (ILI),Borough,Manhattan,Age Group,Ages 5-17 years,2025 wk36,Average Ratio,0.0041
Influenza-like illness (ILI),Borough,Manhattan,Age Group,Ages 5-17 years,2025 wk37,Average Ratio,0.005
Influenza-like illness (ILI),Borough,Manhattan,Age Group,Ages 5-17 years,2025 wk38,Average Ratio,0.0081
Influenza-like illness (ILI),Borough,Manhattan,Age Group,Ages 5-17 years,2025 wk39,Average Ratio,0.0063
Influenza-like illness (ILI),Borough,Manhattan,Age Group,Ages 5-17 years,2025 wk40,Average Ratio,0.0053
Influenza-like illness (ILI),Borough,Manhattan,Age Group,Ages 5-17 years,2025 wk41,Average Ratio,0.0037
Influenza-like illness (ILI),Borough,Manhattan,Age Group,Ages 5-17 years,2025 wk42,Average Ratio,0.0067
Influenza-like illness (ILI),Borough,Manhattan,Age Group,Ages 5-17 years,2025 wk43,Average Ratio,0.0064
Influenza-like illness (ILI),Borough,Manhattan,Age Group,Ages 5-17 years,2025 wk44,Average Ratio,0.006
Influenza-like illness (ILI),Borough,Manhattan,Age Group,Ages 5-17 years,2025 wk45,Average Ratio,0.0075
Influenza-like illness (ILI),Borough,Manhattan,Age Group,Ages 5-17 years,2025 wk46,Average Ratio,0.008
Influenza-like illness (ILI),Borough,Manhattan,Age Group,Ages 5-17 years,2025 wk47,Average Ratio,0.0105
Influenza-like illness (ILI),Borough,Manhattan,Age Group,Ages 5-17 years,2025 wk48,Average Ratio,0.0213
Influenza-like illness (ILI),Borough,Manhattan,Age Group,Ages 5-17 years,2025 wk49,Average Ratio,0.0191
Influenza-like illness (ILI),Borough,Manhattan,Age Group,Ages 5-17 years,2025 wk50,Average Ratio,0.0269
Influenza-like illness (ILI),Borough,Manhattan,Age Group,Ages 5-17 years,2025 wk51,Average Ratio,0.0305
Influenza-like illness (ILI),Borough,Manhattan,Age Group,Ages 18-64 years,2025 wk27,Average Ratio,0.0012
Influenza-like illness (ILI),Borough,Manhattan,Age Group,Ages 18-64 years,2025 wk28,Average Ratio,0.0012
Influenza-like illness (ILI),Borough,Manhattan,Age Group,Ages 18-64 years,2025 wk29,Average Ratio,0.0012
Influenza-like illness (ILI),Borough,Manhattan,Age Group,Ages 18-64 years,2025 wk30,Average Ratio,0.0015
Influenza-like illness (ILI),Borough,Manhattan,Age Group,Ages 18-64 years,2025 wk31,Average Ratio,0.0014
Influenza-like illness (ILI),Borough,Manhattan,Age Group,Ages 18-64 years,2025 wk32,Average Ratio,0.0027
Influenza-like illness (ILI),Borough,Manhattan,Age Group,Ages 18-64 years,2025 wk33,Average Ratio,0.002
Influenza-like illness (ILI),Borough,Manhattan,Age Group,Ages 18-64 years,2025 wk34,Average Ratio,0.0015
Influenza-like illness (ILI),Borough,Manhattan,Age Group,Ages 18-64 years,2025 wk35,Average Ratio,0.0017
Influenza-like illness (ILI),Borough,Manhattan,Age Group,Ages 18-64 years,2025 wk36,Average Ratio,0.0018
Influenza-like illness (ILI),Borough,Manhattan,Age Group,Ages 18-64 years,2025 wk37,Average Ratio,0.0016
Influenza-like illness (ILI),Borough,Manhattan,Age Group,Ages 18-64 years,2025 wk38,Average Ratio,0.0015
Influenza-like illness (ILI),Borough,Manhattan,Age Group,Ages 18-64 years,2025 wk39,Average Ratio,0.0022
Influenza-like illness (ILI),Borough,Manhattan,Age Group,Ages 18-64 years,2025 wk40,Average Ratio,0.0017
Influenza-like illness (ILI),Borough,Manhattan,Age Group,Ages 18-64 years,2025 wk41,Average Ratio,0.0017
Influenza-like illness (ILI),Borough,Manhattan,Age Group,Ages 18-64 years,2025 wk42,Average Ratio,0.0019
Influenza-like illness (ILI),Borough,Manhattan,Age Group,Ages 18-64 years,2025 wk43,Average Ratio,0.0017
Influenza-like illness (ILI),Borough,Manhattan,Age Group,Ages 18-64 years,2025 wk44,Average Ratio,0.0012
Influenza-like illness (ILI),Borough,Manhattan,Age Group,Ages 18-64 years,2025 wk45,Average Ratio,0.0021
Influenza-like illness (ILI),Borough,Manhattan,Age Group,Ages 18-64 years,2025 wk46,Average Ratio,0.0021
Influenza-like illness (ILI),Borough,Manhattan,Age Group,Ages 18-64 years,2025 wk47,Average Ratio,0.003
Influenza-like illness (ILI),Borough,Manhattan,Age Group,Ages 18-64 years,2025 wk48,Average Ratio,0.0036
Influenza-like illness (ILI),Borough,Manhattan,Age Group,Ages 18-64 years,2025 wk49,Average Ratio,0.0048
Influenza-like illness (ILI),Borough,Manhattan,Age Group,Ages 18-64 years,2025 wk50,Average Ratio,0.007
Influenza-like illness (ILI),Borough,Manhattan,Age Group,Ages 18-64 years,2025 wk51,Average Ratio,0.0091
Influenza-like illness (ILI),Borough,Manhattan,Age Group,Ages 65+ years,2025 wk27,Average Ratio,0.001
Influenza-like illness (ILI),Borough,Manhattan,Age Group,Ages 65+ years,2025 wk28,Average Ratio,0.001
Influenza-like illness (ILI),Borough,Manhattan,Age Group,Ages 65+ years,2025 wk29,Average Ratio,0.0011
Influenza-like illness (ILI),Borough,Manhattan,Age Group,Ages 65+ years,2025 wk30,Average Ratio,0.001
Influenza-like illness (ILI),Borough,Manhattan,Age Group,Ages 65+ years,2025 wk31,Average Ratio,0.0015
Influenza-like illness (ILI),Borough,Manhattan,Age Group,Ages 65+ years,2025 wk32,Average Ratio,0.0014
Influenza-like illness (ILI),Borough,Manhattan,Age Group,Ages 65+ years,2025 wk33,Average Ratio,0.001
Influenza-like illness (ILI),Borough,Manhattan,Age Group,Ages 65+ years,2025 wk34,Average Ratio,0.0011
Influenza-like illness (ILI),Borough,Manhattan,Age Group,Ages 65+ years,2025 wk35,Average Ratio,0.0015
Influenza-like illness (ILI),Borough,Manhattan,Age Group,Ages 65+ years,2025 wk36,Average Ratio,0.001
Influenza-like illness (ILI),Borough,Manhattan,Age Group,Ages 65+ years,2025 wk37,Average Ratio,0.0012
Influenza-like illness (ILI),Borough,Manhattan,Age Group,Ages 65+ years,2025 wk38,Average Ratio,0.0012
Influenza-like illness (ILI),Borough,Manhattan,Age Group,Ages 65+ years,2025 wk39,Average Ratio,0.0015
Influenza-like illness (ILI),Borough,Manhattan,Age Group,Ages 65+ years,2025 wk40,Average Ratio,0.0017
Influenza-like illness (ILI),Borough,Manhattan,Age Group,Ages 65+ years,2025 wk41,Average Ratio,0.0008
Influenza-like illness (ILI),Borough,Manhattan,Age Group,Ages 65+ years,2025 wk42,Average Ratio,0.0011
Influenza-like illness (ILI),Borough,Manhattan,Age Group,Ages 65+ years,2025 wk43,Average Ratio,0.0007
Influenza-like illness (ILI),Borough,Manhattan,Age Group,Ages 65+ years,2025 wk44,Average Ratio,0.0014
Influenza-like illness (ILI),Borough,Manhattan,Age Group,Ages 65+ years,2025 wk45,Average Ratio,0.0014
Influenza-like illness (ILI),Borough,Manhattan,Age Group,Ages 65+ years,2025 wk46,Average Ratio,0.0012
Influenza-like illness (ILI),Borough,Manhattan,Age Group,Ages 65+ years,2025 wk47,Average Ratio,0.0013
Influenza-like illness (ILI),Borough,Manhattan,Age Group,Ages 65+ years,2025 wk48,Average Ratio,0.0017
Influenza-like illness (ILI),Borough,Manhattan,Age Group,Ages 65+ years,2025 wk49,Average Ratio,0.0028
Influenza-like illness (ILI),Borough,Manhattan,Age Group,Ages 65+ years,2025 wk50,Average Ratio,0.0039
Influenza-like illness (ILI),Borough,Manhattan,Age Group,Ages 65+ years,2025 wk51,Average Ratio,0.004
Influenza-like illness (ILI),Borough,Queens,Age Group,All age groups,2025 wk27,Average Ratio,0.0047
Influenza-like illness (ILI),Borough,Queens,Age Group,All age groups,2025 wk28,Average Ratio,0.0041
Influenza-like illness (ILI),Borough,Queens,Age Group,All age groups,2025 wk29,Average Ratio,0.0037
Influenza-like illness (ILI),Borough,Queens,Age Group,All age groups,2025 wk30,Average Ratio,0.0044
Influenza-like illness (ILI),Borough,Queens,Age Group,All age groups,2025 wk31,Average Ratio,0.0036
Influenza-like illness (ILI),Borough,Queens,Age Group,All age groups,2025 wk32,Average Ratio,0.0041
Influenza-like illness (ILI),Borough,Queens,Age Group,All age groups,2025 wk33,Average Ratio,0.0041
Influenza-like illness (ILI),Borough,Queens,Age Group,All age groups,2025 wk34,Average Ratio,0.0035
Influenza-like illness (ILI),Borough,Queens,Age Group,All age groups,2025 wk35,Average Ratio,0.0032
Influenza-like illness (ILI),Borough,Queens,Age Group,All age groups,2025 wk36,Average Ratio,0.0034
Influenza-like illness (ILI),Borough,Queens,Age Group,All age groups,2025 wk37,Average Ratio,0.0044
Influenza-like illness (ILI),Borough,Queens,Age Group,All age groups,2025 wk38,Average Ratio,0.0052
Influenza-like illness (ILI),Borough,Queens,Age Group,All age groups,2025 wk39,Average Ratio,0.005
Influenza-like illness (ILI),Borough,Queens,Age Group,All age groups,2025 wk40,Average Ratio,0.005
Influenza-like illness (ILI),Borough,Queens,Age Group,All age groups,2025 wk41,Average Ratio,0.0044
Influenza-like illness (ILI),Borough,Queens,Age Group,All age groups,2025 wk42,Average Ratio,0.0047
Influenza-like illness (ILI),Borough,Queens,Age Group,All age groups,2025 wk43,Average Ratio,0.0053
Influenza-like illness (ILI),Borough,Queens,Age Group,All age groups,2025 wk44,Average Ratio,0.0052
Influenza-like illness (ILI),Borough,Queens,Age Group,All age groups,2025 wk45,Average Ratio,0.0064
Influenza-like illness (ILI),Borough,Queens,Age Group,All age groups,2025 wk46,Average Ratio,0.0077
Influenza-like illness (ILI),Borough,Queens,Age Group,All age groups,2025 wk47,Average Ratio,0.0096
Influenza-like illness (ILI),Borough,Queens,Age Group,All age groups,2025 wk48,Average Ratio,0.0172
Influenza-like illness (ILI),Borough,Queens,Age Group,All age groups,2025 wk49,Average Ratio,0.0187
Influenza-like illness (ILI),Borough,Queens,Age Group,All age groups,2025 wk50,Average Ratio,0.025
Influenza-like illness (ILI),Borough,Queens,Age Group,All age groups,2025 wk51,Average Ratio,0.0298
Influenza-like illness (ILI),Borough,Queens,Age Group,Ages 0-4 years,2025 wk27,Average Ratio,0.0261
Influenza-like illness (ILI),Borough,Queens,Age Group,Ages 0-4 years,2025 wk28,Average Ratio,0.0268
Influenza-like illness (ILI),Borough,Queens,Age Group,Ages 0-4 years,2025 wk29,Average Ratio,0.0247
Influenza-like illness (ILI),Borough,Queens,Age Group,Ages 0-4 years,2025 wk30,Average Ratio,0.0246
Influenza-like illness (ILI),Borough,Queens,Age Group,Ages 0-4 years,2025 wk31,Average Ratio,0.0236
Influenza-like illness (ILI),Borough,Queens,Age Group,Ages 0-4 years,2025 wk32,Average Ratio,0.0258
Influenza-like illness (ILI),Borough,Queens,Age Group,Ages 0-4 years,2025 wk33,Average Ratio,0.0267
Influenza-like illness (ILI),Borough,Queens,Age Group,Ages 0-4 years,2025 wk34,Average Ratio,0.0235
Influenza-like illness (ILI),Borough,Queens,Age Group,Ages 0-4 years,2025 wk35,Average Ratio,0.0181
Influenza-like illness (ILI),Borough,Queens,Age Group,Ages 0-4 years,2025 wk36,Average Ratio,0.02
Influenza-like illness (ILI),Borough,Queens,Age Group,Ages 0-4 years,2025 wk37,Average Ratio,0.0231
Influenza-like illness (ILI),Borough,Queens,Age Group,Ages 0-4 years,2025 wk38,Average Ratio,0.0259
Influenza-like illness (ILI),Borough,Queens,Age Group,Ages 0-4 years,2025 wk39,Average Ratio,0.0243
Influenza-like illness (ILI),Borough,Queens,Age Group,Ages 0-4 years,2025 wk40,Average Ratio,0.0252
Influenza-like illness (ILI),Borough,Queens,Age Group,Ages 0-4 years,2025 wk41,Average Ratio,0.0251
Influenza-like illness (ILI),Borough,Queens,Age Group,Ages 0-4 years,2025 wk42,Average Ratio,0.0254
Influenza-like illness (ILI),Borough,Queens,Age Group,Ages 0-4 years,2025 wk43,Average Ratio,0.0297
Influenza-like illness (ILI),Borough,Queens,Age Group,Ages 0-4 years,2025 wk44,Average Ratio,0.032
Influenza-like illness (ILI),Borough,Queens,Age Group,Ages 0-4 years,2025 wk45,Average Ratio,0.034
Influenza-like illness (ILI),Borough,Queens,Age Group,Ages 0-4 years,2025 wk46,Average Ratio,0.039
Influenza-like illness (ILI),Borough,Queens,Age Group,Ages 0-4 years,2025 wk47,Average Ratio,0.0409
Influenza-like illness (ILI),Borough,Queens,Age Group,Ages 0-4 years,2025 wk48,Average Ratio,0.0636
Influenza-like illness (ILI),Borough,Queens,Age Group,Ages 0-4 years,2025 wk49,Average Ratio,0.0609
Influenza-like illness (ILI),Borough,Queens,Age Group,Ages 0-4 years,2025 wk50,Average Ratio,0.0776
Influenza-like illness (ILI),Borough,Queens,Age Group,Ages 0-4 years,2025 wk51,Average Ratio,0.0728
Influenza-like illness (ILI),Borough,Queens,Age Group,Ages 5-17 years,2025 wk27,Average Ratio,0.0108
Influenza-like illness (ILI),Borough,Queens,Age Group,Ages 5-17 years,2025 wk28,Average Ratio,0.007
Influenza-like illness (ILI),Borough,Queens,Age Group,Ages 5-17 years,2025 wk29,Average Ratio,0.0081
Influenza-like illness (ILI),Borough,Queens,Age Group,Ages 5-17 years,2025 wk30,Average Ratio,0.0119
Influenza-like illness (ILI),Borough,Queens,Age Group,Ages 5-17 years,2025 wk31,Average Ratio,0.0091
Influenza-like illness (ILI),Borough,Queens,Age Group,Ages 5-17 years,2025 wk32,Average Ratio,0.0086
Influenza-like illness (ILI),Borough,Queens,Age Group,Ages 5-17 years,2025 wk33,Average Ratio,0.0118
Influenza-like illness (ILI),Borough,Queens,Age Group,Ages 5-17 years,2025 wk34,Average Ratio,0.0088
Influenza-like illness (ILI),Borough,Queens,Age Group,Ages 5-17 years,2025 wk35,Average Ratio,0.0077
Influenza-like illness (ILI),Borough,Queens,Age Group,Ages 5-17 years,2025 wk36,Average Ratio,0.0064
Influenza-like illness (ILI),Borough,Queens,Age Group,Ages 5-17 years,2025 wk37,Average Ratio,0.0101
Influenza-like illness (ILI),Borough,Queens,Age Group,Ages 5-17 years,2025 wk38,Average Ratio,0.0147
Influenza-like illness (ILI),Borough,Queens,Age Group,Ages 5-17 years,2025 wk39,Average Ratio,0.0112
Influenza-like illness (ILI),Borough,Queens,Age Group,Ages 5-17 years,2025 wk40,Average Ratio,0.0138
Influenza-like illness (ILI),Borough,Queens,Age Group,Ages 5-17 years,2025 wk41,Average Ratio,0.0094
Influenza-like illness (ILI),Borough,Queens,Age Group,Ages 5-17 years,2025 wk42,Average Ratio,0.0127
Influenza-like illness (ILI),Borough,Queens,Age Group,Ages 5-17 years,2025 wk43,Average Ratio,0.012
Influenza-like illness (ILI),Borough,Queens,Age Group,Ages 5-17 years,2025 wk44,Average Ratio,0.0131
Influenza-like illness (ILI),Borough,Queens,Age Group,Ages 5-17 years,2025 wk45,Average Ratio,0.0189
Influenza-like illness (ILI),Borough,Queens,Age Group,Ages 5-17 years,2025 wk46,Average Ratio,0.0223
Influenza-like illness (ILI),Borough,Queens,Age Group,Ages 5-17 years,2025 wk47,Average Ratio,0.0302
Influenza-like illness (ILI),Borough,Queens,Age Group,Ages 5-17 years,2025 wk48,Average Ratio,0.0574
Influenza-like illness (ILI),Borough,Queens,Age Group,Ages 5-17 years,2025 wk49,Average Ratio,0.0572
Influenza-like illness (ILI),Borough,Queens,Age Group,Ages 5-17 years,2025 wk50,Average Ratio,0.0662
Influenza-like illness (ILI),Borough,Queens,Age Group,Ages 5-17 years,2025 wk51,Average Ratio,0.0828
Influenza-like illness (ILI),Borough,Queens,Age Group,Ages 18-64 years,2025 wk27,Average Ratio,0.0028
Influenza-like illness (ILI),Borough,Queens,Age Group,Ages 18-64 years,2025 wk28,Average Ratio,0.0023
Influenza-like illness (ILI),Borough,Queens,Age Group,Ages 18-64 years,2025 wk29,Average Ratio,0.0019
Influenza-like illness (ILI),Borough,Queens,Age Group,Ages 18-64 years,2025 wk30,Average Ratio,0.0024
Influenza-like illness (ILI),Borough,Queens,Age Group,Ages 18-64 years,2025 wk31,Average Ratio,0.002
Influenza-like illness (ILI),Borough,Queens,Age Group,Ages 18-64 years,2025 wk32,Average Ratio,0.0024
Influenza-like illness (ILI),Borough,Queens,Age Group,Ages 18-64 years,2025 wk33,Average Ratio,0.0022
Influenza-like illness (ILI),Borough,Queens,Age Group,Ages 18-64 years,2025 wk34,Average Ratio,0.0018
Influenza-like illness (ILI),Borough,Queens,Age Group,Ages 18-64 years,2025 wk35,Average Ratio,0.002
Influenza-like illness (ILI),Borough,Queens,Age Group,Ages 18-64 years,2025 wk36,Average Ratio,0.0022
Influenza-like illness (ILI),Borough,Queens,Age Group,Ages 18-64 years,2025 wk37,Average Ratio,0.0027
Influenza-like illness (ILI),Borough,Queens,Age Group,Ages 18-64 years,2025 wk38,Average Ratio,0.0025
Influenza-like illness (ILI),Borough,Queens,Age Group,Ages 18-64 years,2025 wk39,Average Ratio,0.0031
Influenza-like illness (ILI),Borough,Queens,Age Group,Ages 18-64 years,2025 wk40,Average Ratio,0.0028
Influenza-like illness (ILI),Borough,Queens,Age Group,Ages 18-64 years,2025 wk41,Average Ratio,0.0023
Influenza-like illness (ILI),Borough,Queens,Age Group,Ages 18-64 years,2025 wk42,Average Ratio,0.0025
Influenza-like illness (ILI),Borough,Queens,Age Group,Ages 18-64 years,2025 wk43,Average Ratio,0.0028
Influenza-like illness (ILI),Borough,Queens,Age Group,Ages 18-64 years,2025 wk44,Average Ratio,0.0023
Influenza-like illness (ILI),Borough,Queens,Age Group,Ages 18-64 years,2025 wk45,Average Ratio,0.0029
Influenza-like illness (ILI),Borough,Queens,Age Group,Ages 18-64 years,2025 wk46,Average Ratio,0.0035
Influenza-like illness (ILI),Borough,Queens,Age Group,Ages 18-64 years,2025 wk47,Average Ratio,0.0042
Influenza-like illness (ILI),Borough,Queens,Age Group,Ages 18-64 years,2025 wk48,Average Ratio,0.0069
Influenza-like illness (ILI),Borough,Queens,Age Group,Ages 18-64 years,2025 wk49,Average Ratio,0.0092
Influenza-like illness (ILI),Borough,Queens,Age Group,Ages 18-64 years,2025 wk50,Average Ratio,0.0125
Influenza-like illness (ILI),Borough,Queens,Age Group,Ages 18-64 years,2025 wk51,Average Ratio,0.0141
Influenza-like illness (ILI),Borough,Queens,Age Group,Ages 65+ years,2025 wk27,Average Ratio,0.0012
Influenza-like illness (ILI),Borough,Queens,Age Group,Ages 65+ years,2025 wk28,Average Ratio,0.0013
Influenza-like illness (ILI),Borough,Queens,Age Group,Ages 65+ years,2025 wk29,Average Ratio,0.0009
Influenza-like illness (ILI),Borough,Queens,Age Group,Ages 65+ years,2025 wk30,Average Ratio,0.0009
Influenza-like illness (ILI),Borough,Queens,Age Group,Ages 65+ years,2025 wk31,Average Ratio,0.0008
Influenza-like illness (ILI),Borough,Queens,Age Group,Ages 65+ years,2025 wk32,Average Ratio,0.0012
Influenza-like illness (ILI),Borough,Queens,Age Group,Ages 65+ years,2025 wk33,Average Ratio,0.0007
Influenza-like illness (ILI),Borough,Queens,Age Group,Ages 65+ years,2025 wk34,Average Ratio,0.0013
Influenza-like illness (ILI),Borough,Queens,Age Group,Ages 65+ years,2025 wk35,Average Ratio,0.0012
Influenza-like illness (ILI),Borough,Queens,Age Group,Ages 65+ years,2025 wk36,Average Ratio,0.0009
Influenza-like illness (ILI),Borough,Queens,Age Group,Ages 65+ years,2025 wk37,Average Ratio,0.0013
Influenza-like illness (ILI),Borough,Queens,Age Group,Ages 65+ years,2025 wk38,Average Ratio,0.0018
Influenza-like illness (ILI),Borough,Queens,Age Group,Ages 65+ years,2025 wk39,Average Ratio,0.0018
Influenza-like illness (ILI),Borough,Queens,Age Group,Ages 65+ years,2025 wk40,Average Ratio,0.001
Influenza-like illness (ILI),Borough,Queens,Age Group,Ages 65+ years,2025 wk41,Average Ratio,0.0016
Influenza-like illness (ILI),Borough,Queens,Age Group,Ages 65+ years,2025 wk42,Average Ratio,0.0011
Influenza-like illness (ILI),Borough,Queens,Age Group,Ages 65+ years,2025 wk43,Average Ratio,0.0016
Influenza-like illness (ILI),Borough,Queens,Age Group,Ages 65+ years,2025 wk44,Average Ratio,0.0009
Influenza-like illness (ILI),Borough,Queens,Age Group,Ages 65+ years,2025 wk45,Average Ratio,0.0014
Influenza-like illness (ILI),Borough,Queens,Age Group,Ages 65+ years,2025 wk46,Average Ratio,0.0024
Influenza-like illness (ILI),Borough,Queens,Age Group,Ages 65+ years,2025 wk47,Average Ratio,0.0026
Influenza-like illness (ILI),Borough,Queens,Age Group,Ages 65+ years,2025 wk48,Average Ratio,0.0033
Influenza-like illness (ILI),Borough,Queens,Age Group,Ages 65+ years,2025 wk49,Average Ratio,0.0051
Influenza-like illness (ILI),Borough,Queens,Age Group,Ages 65+ years,2025 wk50,Average Ratio,0.0067
Influenza-like illness (ILI),Borough,Queens,Age Group,Ages 65+ years,2025 wk51,Average Ratio,0.0081
Influenza-like illness (ILI),Borough,Staten Island,Age Group,All age groups,2025 wk27,Average Ratio,0.0004
Influenza-like illness (ILI),Borough,Staten Island,Age Group,All age groups,2025 wk28,Average Ratio,0.0003
Influenza-like illness (ILI),Borough,Staten Island,Age Group,All age groups,2025 wk29,Average Ratio,0.0002
Influenza-like illness (ILI),Borough,Staten Island,Age Group,All age groups,2025 wk30,Average Ratio,0.0002
Influenza-like illness (ILI),Borough,Staten Island,Age Group,All age groups,2025 wk31,Average Ratio,0.0002
Influenza-like illness (ILI),Borough,Staten Island,Age Group,All age groups,2025 wk32,Average Ratio,0.0003
Influenza-like illness (ILI),Borough,Staten Island,Age Group,All age groups,2025 wk33,Average Ratio,0.0002
Influenza-like illness (ILI),Borough,Staten Island,Age Group,All age groups,2025 wk34,Average Ratio,0.0002
Influenza-like illness (ILI),Borough,Staten Island,Age Group,All age groups,2025 wk35,Average Ratio,0.0002
Influenza-like illness (ILI),Borough,Staten Island,Age Group,All age groups,2025 wk36,Average Ratio,0.0004
Influenza-like illness (ILI),Borough,Staten Island,Age Group,All age groups,2025 wk37,Average Ratio,0.0003
Influenza-like illness (ILI),Borough,Staten Island,Age Group,All age groups,2025 wk38,Average Ratio,0.0003
Influenza-like illness (ILI),Borough,Staten Island,Age Group,All age groups,2025 wk39,Average Ratio,0.0004
Influenza-like illness (ILI),Borough,Staten Island,Age Group,All age groups,2025 wk40,Average Ratio,0.0005
Influenza-like illness (ILI),Borough,Staten Island,Age Group,All age groups,2025 wk41,Average Ratio,0.0004
Influenza-like illness (ILI),Borough,Staten Island,Age Group,All age groups,2025 wk42,Average Ratio,0.0003
Influenza-like illness (ILI),Borough,Staten Island,Age Group,All age groups,2025 wk43,Average Ratio,0.0005
Influenza-like illness (ILI),Borough,Staten Island,Age Group,All age groups,2025 wk44,Average Ratio,0.0005
Influenza-like illness (ILI),Borough,Staten Island,Age Group,All age groups,2025 wk45,Average Ratio,0.0006
Influenza-like illness (ILI),Borough,Staten Island,Age Group,All age groups,2025 wk46,Average Ratio,0.0009
Influenza-like illness (ILI),Borough,Staten Island,Age Group,All age groups,2025 wk47,Average Ratio,0.0012
Influenza-like illness (ILI),Borough,Staten Island,Age Group,All age groups,2025 wk48,Average Ratio,0.0019
Influenza-like illness (ILI),Borough,Staten Island,Age Group,All age groups,2025 wk49,Average Ratio,0.0024
Influenza-like illness (ILI),Borough,Staten Island,Age Group,All age groups,2025 wk50,Average Ratio,0.0034
Influenza-like illness (ILI),Borough,Staten Island,Age Group,All age groups,2025 wk51,Average Ratio,0.0039
Influenza-like illness (ILI),Borough,Staten Island,Age Group,Ages 0-4 years,2025 wk27,Average Ratio,0.0008
Influenza-like illness (ILI),Borough,Staten Island,Age Group,Ages 0-4 years,2025 wk28,Average Ratio,0.002
Influenza-like illness (ILI),Borough,Staten Island,Age Group,Ages 0-4 years,2025 wk29,Average Ratio,0.0004
Influenza-like illness (ILI),Borough,Staten Island,Age Group,Ages 0-4 years,2025 wk30,Average Ratio,0.001
Influenza-like illness (ILI),Borough,Staten Island,Age Group,Ages 0-4 years,2025 wk31,Average Ratio,0.0004
Influenza-like illness (ILI),Borough,Staten Island,Age Group,Ages 0-4 years,2025 wk32,Average Ratio,0.0006
Influenza-like illness (ILI),Borough,Staten Island,Age Group,Ages 0-4 years,2025 wk33,Average Ratio,0.0008
Influenza-like illness (ILI),Borough,Staten Island,Age Group,Ages 0-4 years,2025 wk34,Average Ratio,0.0005
Influenza-like illness (ILI),Borough,Staten Island,Age Group,Ages 0-4 years,2025 wk35,Average Ratio,0.0002
Influenza-like illness (ILI),Borough,Staten Island,Age Group,Ages 0-4 years,2025 wk36,Average Ratio,0.0013
Influenza-like illness (ILI),Borough,Staten Island,Age Group,Ages 0-4 years,2025 wk37,Average Ratio,0.0004
Influenza-like illness (ILI),Borough,Staten Island,Age Group,Ages 0-4 years,2025 wk38,Average Ratio,0.0013
Influenza-like illness (ILI),Borough,Staten Island,Age Group,Ages 0-4 years,2025 wk39,Average Ratio,0.0014
Influenza-like illness (ILI),Borough,Staten Island,Age Group,Ages 0-4 years,2025 wk40,Average Ratio,0.0009
Influenza-like illness (ILI),Borough,Staten Island,Age Group,Ages 0-4 years,2025 wk41,Average Ratio,0.0018
Influenza-like illness (ILI),Borough,Staten Island,Age Group,Ages 0-4 years,2025 wk42,Average Ratio,0.001
Influenza-like illness (ILI),Borough,Staten Island,Age Group,Ages 0-4 years,2025 wk43,Average Ratio,0.0012
Influenza-like illness (ILI),Borough,Staten Island,Age Group,Ages 0-4 years,2025 wk44,Average Ratio,0.0023
Influenza-like illness (ILI),Borough,Staten Island,Age Group,Ages 0-4 years,2025 wk45,Average Ratio,0.0016
Influenza-like illness (ILI),Borough,Staten Island,Age Group,Ages 0-4 years,2025 wk46,Average Ratio,0.0037
Influenza-like illness (ILI),Borough,Staten Island,Age Group,Ages 0-4 years,2025 wk47,Average Ratio,0.0031
Influenza-like illness (ILI),Borough,Staten Island,Age Group,Ages 0-4 years,2025 wk48,Average Ratio,0.0037
Influenza-like illness (ILI),Borough,Staten Island,Age Group,Ages 0-4 years,2025 wk49,Average Ratio,0.0052
Influenza-like illness (ILI),Borough,Staten Island,Age Group,Ages 0-4 years,2025 wk50,Average Ratio,0.0059
Influenza-like illness (ILI),Borough,Staten Island,Age Group,Ages 0-4 years,2025 wk51,Average Ratio,0.0071
Influenza-like illness (ILI),Borough,Staten Island,Age Group,Ages 5-17 years,2025 wk27,Average Ratio,0.0008
Influenza-like illness (ILI),Borough,Staten Island,Age Group,Ages 5-17 years,2025 wk28,Average Ratio,0.0002
Influenza-like illness (ILI),Borough,Staten Island,Age Group,Ages 5-17 years,2025 wk29,Average Ratio,0.0005
Influenza-like illness (ILI),Borough,Staten Island,Age Group,Ages 5-17 years,2025 wk30,Average Ratio,0.0005
Influenza-like illness (ILI),Borough,Staten Island,Age Group,Ages 5-17 years,2025 wk31,Average Ratio,0.0004
Influenza-like illness (ILI),Borough,Staten Island,Age Group,Ages 5-17 years,2025 wk32,Average Ratio,0.0004
Influenza-like illness (ILI),Borough,Staten Island,Age Group,Ages 5-17 years,2025 wk33,Average Ratio,0.0002
Influenza-like illness (ILI),Borough,Staten Island,Age Group,Ages 5-17 years,2025 wk34,Average Ratio,0.0004
Influenza-like illness (ILI),Borough,Staten Island,Age Group,Ages 5-17 years,2025 wk35,Average Ratio,0
Influenza-like illness (ILI),Borough,Staten Island,Age Group,Ages 5-17 years,2025 wk36,Average Ratio,0.0005
Influenza-like illness (ILI),Borough,Staten Island,Age Group,Ages 5-17 years,2025 wk37,Average Ratio,0.0004
Influenza-like illness (ILI),Borough,Staten Island,Age Group,Ages 5-17 years,2025 wk38,Average Ratio,0.0001
Influenza-like illness (ILI),Borough,Staten Island,Age Group,Ages 5-17 years,2025 wk39,Average Ratio,0.0008
Influenza-like illness (ILI),Borough,Staten Island,Age Group,Ages 5-17 years,2025 wk40,Average Ratio,0.0006
Influenza-like illness (ILI),Borough,Staten Island,Age Group,Ages 5-17 years,2025 wk41,Average Ratio,0.0004
Influenza-like illness (ILI),Borough,Staten Island,Age Group,Ages 5-17 years,2025 wk42,Average Ratio,0.0005
Influenza-like illness (ILI),Borough,Staten Island,Age Group,Ages 5-17 years,2025 wk43,Average Ratio,0.0012
Influenza-like illness (ILI),Borough,Staten Island,Age Group,Ages 5-17 years,2025 wk44,Average Ratio,0.0004
Influenza-like illness (ILI),Borough,Staten Island,Age Group,Ages 5-17 years,2025 wk45,Average Ratio,0.0015
Influenza-like illness (ILI),Borough,Staten Island,Age Group,Ages 5-17 years,2025 wk46,Average Ratio,0.0021
Influenza-like illness (ILI),Borough,Staten Island,Age Group,Ages 5-17 years,2025 wk47,Average Ratio,0.0036
Influenza-like illness (ILI),Borough,Staten Island,Age Group,Ages 5-17 years,2025 wk48,Average Ratio,0.0041
Influenza-like illness (ILI),Borough,Staten Island,Age Group,Ages 5-17 years,2025 wk49,Average Ratio,0.0046
Influenza-like illness (ILI),Borough,Staten Island,Age Group,Ages 5-17 years,2025 wk50,Average Ratio,0.0084
Influenza-like illness (ILI),Borough,Staten Island,Age Group,Ages 5-17 years,2025 wk51,Average Ratio,0.0095
Influenza-like illness (ILI),Borough,Staten Island,Age Group,Ages 18-64 years,2025 wk27,Average Ratio,0.0003
Influenza-like illness (ILI),Borough,Staten Island,Age Group,Ages 18-64 years,2025 wk28,Average Ratio,0.0002
Influenza-like illness (ILI),Borough,Staten Island,Age Group,Ages 18-64 years,2025 wk29,Average Ratio,0.0002
Influenza-like illness (ILI),Borough,Staten Island,Age Group,Ages 18-64 years,2025 wk30,Average Ratio,0.0002
Influenza-like illness (ILI),Borough,Staten Island,Age Group,Ages 18-64 years,2025 wk31,Average Ratio,0.0002
Influenza-like illness (ILI),Borough,Staten Island,Age Group,Ages 18-64 years,2025 wk32,Average Ratio,0.0002
Influenza-like illness (ILI),Borough,Staten Island,Age Group,Ages 18-64 years,2025 wk33,Average Ratio,0.0002
Influenza-like illness (ILI),Borough,Staten Island,Age Group,Ages 18-64 years,2025 wk34,Average Ratio,0.0002
Influenza-like illness (ILI),Borough,Staten Island,Age Group,Ages 18-64 years,2025 wk35,Average Ratio,0.0002
Influenza-like illness (ILI),Borough,Staten Island,Age Group,Ages 18-64 years,2025 wk36,Average Ratio,0.0003
Influenza-like illness (ILI),Borough,Staten Island,Age Group,Ages 18-64 years,2025 wk37,Average Ratio,0.0002
Influenza-like illness (ILI),Borough,Staten Island,Age Group,Ages 18-64 years,2025 wk38,Average Ratio,0.0002
Influenza-like illness (ILI),Borough,Staten Island,Age Group,Ages 18-64 years,2025 wk39,Average Ratio,0.0003
Influenza-like illness (ILI),Borough,Staten Island,Age Group,Ages 18-64 years,2025 wk40,Average Ratio,0.0005
Influenza-like illness (ILI),Borough,Staten Island,Age Group,Ages 18-64 years,2025 wk41,Average Ratio,0.0003
Influenza-like illness (ILI),Borough,Staten Island,Age Group,Ages 18-64 years,2025 wk42,Average Ratio,0.0003
Influenza-like illness (ILI),Borough,Staten Island,Age Group,Ages 18-64 years,2025 wk43,Average Ratio,0.0003
Influenza-like illness (ILI),Borough,Staten Island,Age Group,Ages 18-64 years,2025 wk44,Average Ratio,0.0003
Influenza-like illness (ILI),Borough,Staten Island,Age Group,Ages 18-64 years,2025 wk45,Average Ratio,0.0006
Influenza-like illness (ILI),Borough,Staten Island,Age Group,Ages 18-64 years,2025 wk46,Average Ratio,0.0005
Influenza-like illness (ILI),Borough,Staten Island,Age Group,Ages 18-64 years,2025 wk47,Average Ratio,0.0006
Influenza-like illness (ILI),Borough,Staten Island,Age Group,Ages 18-64 years,2025 wk48,Average Ratio,0.0015
Influenza-like illness (ILI),Borough,Staten Island,Age Group,Ages 18-64 years,2025 wk49,Average Ratio,0.0018
Influenza-like illness (ILI),Borough,Staten Island,Age Group,Ages 18-64 years,2025 wk50,Average Ratio,0.0025
Influenza-like illness (ILI),Borough,Staten Island,Age Group,Ages 18-64 years,2025 wk51,Average Ratio,0.0022
Influenza-like illness (ILI),Borough,Staten Island,Age Group,Ages 65+ years,2025 wk27,Average Ratio,0.0003
Influenza-like illness (ILI),Borough,Staten Island,Age Group,Ages 65+ years,2025 wk28,Average Ratio,0.0001
Influenza-like illness (ILI),Borough,Staten Island,Age Group,Ages 65+ years,2025 wk29,Average Ratio,0.0003
Influenza-like illness (ILI),Borough,Staten Island,Age Group,Ages 65+ years,2025 wk30,Average Ratio,0.0001
Influenza-like illness (ILI),Borough,Staten Island,Age Group,Ages 65+ years,2025 wk31,Average Ratio,0.0001
Influenza-like illness (ILI),Borough,Staten Island,Age Group,Ages 65+ years,2025 wk32,Average Ratio,0.0004
Influenza-like illness (ILI),Borough,Staten Island,Age Group,Ages 65+ years,2025 wk33,Average Ratio,0.0001
Influenza-like illness (ILI),Borough,Staten Island,Age Group,Ages 65+ years,2025 wk34,Average Ratio,0.0001
Influenza-like illness (ILI),Borough,Staten Island,Age Group,Ages 65+ years,2025 wk35,Average Ratio,0.0004
Influenza-like illness (ILI),Borough,Staten Island,Age Group,Ages 65+ years,2025 wk36,Average Ratio,0.0002
Influenza-like illness (ILI),Borough,Staten Island,Age Group,Ages 65+ years,2025 wk37,Average Ratio,0.0003
Influenza-like illness (ILI),Borough,Staten Island,Age Group,Ages 65+ years,2025 wk38,Average Ratio,0.0003
Influenza-like illness (ILI),Borough,Staten Island,Age Group,Ages 65+ years,2025 wk39,Average Ratio,0.0004
Influenza-like illness (ILI),Borough,Staten Island,Age Group,Ages 65+ years,2025 wk40,Average Ratio,0.0002
Influenza-like illness (ILI),Borough,Staten Island,Age Group,Ages 65+ years,2025 wk41,Average Ratio,0.0003
Influenza-like illness (ILI),Borough,Staten Island,Age Group,Ages 65+ years,2025 wk42,Average Ratio,0.0001
Influenza-like illness (ILI),Borough,Staten Island,Age Group,Ages 65+ years,2025 wk43,Average Ratio,0.0004
Influenza-like illness (ILI),Borough,Staten Island,Age Group,Ages 65+ years,2025 wk44,Average Ratio,0.0004
Influenza-like illness (ILI),Borough,Staten Island,Age Group,Ages 65+ years,2025 wk45,Average Ratio,0.0002
Influenza-like illness (ILI),Borough,Staten Island,Age Group,Ages 65+ years,2025 wk46,Average Ratio,0.0003
Influenza-like illness (ILI),Borough,Staten Island,Age Group,Ages 65+ years,2025 wk47,Average Ratio,0.001
Influenza-like illness (ILI),Borough,Staten Island,Age Group,Ages 65+ years,2025 wk48,Average Ratio,0.0011
Influenza-like illness (ILI),Borough,Staten Island,Age Group,Ages 65+ years,2025 wk49,Average Ratio,0.0014
Influenza-like illness (ILI),Borough,Staten Island,Age Group,Ages 65+ years,2025 wk50,Average Ratio,0.0016
Influenza-like illness (ILI),Borough,Staten Island,Age Group,Ages 65+ years,2025 wk51,Average Ratio,0.0025
Influenza-like illness (ILI),Borough,Unknown,Age Group,All age groups,2025 wk27,Average Ratio,0.0005
Influenza-like illness (ILI),Borough,Unknown,Age Group,All age groups,2025 wk28,Average Ratio,0.0005
Influenza-like illness (ILI),Borough,Unknown,Age Group,All age groups,2025 wk29,Average Ratio,0.0007
Influenza-like illness (ILI),Borough,Unknown,Age Group,All age groups,2025 wk30,Average Ratio,0.0004
Influenza-like illness (ILI),Borough,Unknown,Age Group,All age groups,2025 wk31,Average Ratio,0.0005
Influenza-like illness (ILI),Borough,Unknown,Age Group,All age groups,2025 wk32,Average Ratio,0.0006
Influenza-like illness (ILI),Borough,Unknown,Age Group,All age groups,2025 wk33,Average Ratio,0.0005
Influenza-like illness (ILI),Borough,Unknown,Age Group,All age groups,2025 wk34,Average Ratio,0.0004
Influenza-like illness (ILI),Borough,Unknown,Age Group,All age groups,2025 wk35,Average Ratio,0.0004
Influenza-like illness (ILI),Borough,Unknown,Age Group,All age groups,2025 wk36,Average Ratio,0.0004
Influenza-like illness (ILI),Borough,Unknown,Age Group,All age groups,2025 wk37,Average Ratio,0.0005
Influenza-like illness (ILI),Borough,Unknown,Age Group,All age groups,2025 wk38,Average Ratio,0.0006
Influenza-like illness (ILI),Borough,Unknown,Age Group,All age groups,2025 wk39,Average Ratio,0.0007
Influenza-like illness (ILI),Borough,Unknown,Age Group,All age groups,2025 wk40,Average Ratio,0.0006
Influenza-like illness (ILI),Borough,Unknown,Age Group,All age groups,2025 wk41,Average Ratio,0.0005
Influenza-like illness (ILI),Borough,Unknown,Age Group,All age groups,2025 wk42,Average Ratio,0.0007
Influenza-like illness (ILI),Borough,Unknown,Age Group,All age groups,2025 wk43,Average Ratio,0.0004
Influenza-like illness (ILI),Borough,Unknown,Age Group,All age groups,2025 wk44,Average Ratio,0.0008
Influenza-like illness (ILI),Borough,Unknown,Age Group,All age groups,2025 wk45,Average Ratio,0.0007
Influenza-like illness (ILI),Borough,Unknown,Age Group,All age groups,2025 wk46,Average Ratio,0.0009
Influenza-like illness (ILI),Borough,Unknown,Age Group,All age groups,2025 wk47,Average Ratio,0.0009
Influenza-like illness (ILI),Borough,Unknown,Age Group,All age groups,2025 wk48,Average Ratio,0.0017
Influenza-like illness (ILI),Borough,Unknown,Age Group,All age groups,2025 wk49,Average Ratio,0.0015
Influenza-like illness (ILI),Borough,Unknown,Age Group,All age groups,2025 wk50,Average Ratio,0.002
Influenza-like illness (ILI),Borough,Unknown,Age Group,All age groups,2025 wk51,Average Ratio,0.0029
Influenza-like illness (ILI),Borough,Unknown,Age Group,Ages 0-4 years,2025 wk27,Average Ratio,0.0025
Influenza-like illness (ILI),Borough,Unknown,Age Group,Ages 0-4 years,2025 wk28,Average Ratio,0.0022
Influenza-like illness (ILI),Borough,Unknown,Age Group,Ages 0-4 years,2025 wk29,Average Ratio,0.0032
Influenza-like illness (ILI),Borough,Unknown,Age Group,Ages 0-4 years,2025 wk30,Average Ratio,0.0027
Influenza-like illness (ILI),Borough,Unknown,Age Group,Ages 0-4 years,2025 wk31,Average Ratio,0.0019
Influenza-like illness (ILI),Borough,Unknown,Age Group,Ages 0-4 years,2025 wk32,Average Ratio,0.0027
Influenza-like illness (ILI),Borough,Unknown,Age Group,Ages 0-4 years,2025 wk33,Average Ratio,0.0022
Influenza-like illness (ILI),Borough,Unknown,Age Group,Ages 0-4 years,2025 wk34,Average Ratio,0.0009
Influenza-like illness (ILI),Borough,Unknown,Age Group,Ages 0-4 years,2025 wk35,Average Ratio,0.0024
Influenza-like illness (ILI),Borough,Unknown,Age Group,Ages 0-4 years,2025 wk36,Average Ratio,0.0026
Influenza-like illness (ILI),Borough,Unknown,Age Group,Ages 0-4 years,2025 wk37,Average Ratio,0.0011
Influenza-like illness (ILI),Borough,Unknown,Age Group,Ages 0-4 years,2025 wk38,Average Ratio,0.0023
Influenza-like illness (ILI),Borough,Unknown,Age Group,Ages 0-4 years,2025 wk39,Average Ratio,0.0034
Influenza-like illness (ILI),Borough,Unknown,Age Group,Ages 0-4 years,2025 wk40,Average Ratio,0.0025
Influenza-like illness (ILI),Borough,Unknown,Age Group,Ages 0-4 years,2025 wk41,Average Ratio,0.0025
Influenza-like illness (ILI),Borough,Unknown,Age Group,Ages 0-4 years,2025 wk42,Average Ratio,0.0048
Influenza-like illness (ILI),Borough,Unknown,Age Group,Ages 0-4 years,2025 wk43,Average Ratio,0.0011
Influenza-like illness (ILI),Borough,Unknown,Age Group,Ages 0-4 years,2025 wk44,Average Ratio,0.0042
Influenza-like illness (ILI),Borough,Unknown,Age Group,Ages 0-4 years,2025 wk45,Average Ratio,0.0014
Influenza-like illness (ILI),Borough,Unknown,Age Group,Ages 0-4 years,2025 wk46,Average Ratio,0.004
Influenza-like illness (ILI),Borough,Unknown,Age Group,Ages 0-4 years,2025 wk47,Average Ratio,0.0037
Influenza-like illness (ILI),Borough,Unknown,Age Group,Ages 0-4 years,2025 wk48,Average Ratio,0.0059
Influenza-like illness (ILI),Borough,Unknown,Age Group,Ages 0-4 years,2025 wk49,Average Ratio,0.0046
Influenza-like illness (ILI),Borough,Unknown,Age Group,Ages 0-4 years,2025 wk50,Average Ratio,0.0071
Influenza-like illness (ILI),Borough,Unknown,Age Group,Ages 0-4 years,2025 wk51,Average Ratio,0.0074
Influenza-like illness (ILI),Borough,Unknown,Age Group,Ages 5-17 years,2025 wk27,Average Ratio,0.0013
Influenza-like illness (ILI),Borough,Unknown,Age Group,Ages 5-17 years,2025 wk28,Average Ratio,0.0007
Influenza-like illness (ILI),Borough,Unknown,Age Group,Ages 5-17 years,2025 wk29,Average Ratio,0.0014
Influenza-like illness (ILI),Borough,Unknown,Age Group,Ages 5-17 years,2025 wk30,Average Ratio,0.0014
Influenza-like illness (ILI),Borough,Unknown,Age Group,Ages 5-17 years,2025 wk31,Average Ratio,0.0007
Influenza-like illness (ILI),Borough,Unknown,Age Group,Ages 5-17 years,2025 wk32,Average Ratio,0.0013
Influenza-like illness (ILI),Borough,Unknown,Age Group,Ages 5-17 years,2025 wk33,Average Ratio,0.001
Influenza-like illness (ILI),Borough,Unknown,Age Group,Ages 5-17 years,2025 wk34,Average Ratio,0.0016
Influenza-like illness (ILI),Borough,Unknown,Age Group,Ages 5-17 years,2025 wk35,Average Ratio,0.001
Influenza-like illness (ILI),Borough,Unknown,Age Group,Ages 5-17 years,2025 wk36,Average Ratio,0.0009
Influenza-like illness (ILI),Borough,Unknown,Age Group,Ages 5-17 years,2025 wk37,Average Ratio,0.0024
Influenza-like illness (ILI),Borough,Unknown,Age Group,Ages 5-17 years,2025 wk38,Average Ratio,0.0005
Influenza-like illness (ILI),Borough,Unknown,Age Group,Ages 5-17 years,2025 wk39,Average Ratio,0.0017
Influenza-like illness (ILI),Borough,Unknown,Age Group,Ages 5-17 years,2025 wk40,Average Ratio,0.0007
Influenza-like illness (ILI),Borough,Unknown,Age Group,Ages 5-17 years,2025 wk41,Average Ratio,0.0009
Influenza-like illness (ILI),Borough,Unknown,Age Group,Ages 5-17 years,2025 wk42,Average Ratio,0.001
Influenza-like illness (ILI),Borough,Unknown,Age Group,Ages 5-17 years,2025 wk43,Average Ratio,0.0008
Influenza-like illness (ILI),Borough,Unknown,Age Group,Ages 5-17 years,2025 wk44,Average Ratio,0.0013
Influenza-like illness (ILI),Borough,Unknown,Age Group,Ages 5-17 years,2025 wk45,Average Ratio,0.001
Influenza-like illness (ILI),Borough,Unknown,Age Group,Ages 5-17 years,2025 wk46,Average Ratio,0.0017
Influenza-like illness (ILI),Borough,Unknown,Age Group,Ages 5-17 years,2025 wk47,Average Ratio,0.0027
Influenza-like illness (ILI),Borough,Unknown,Age Group,Ages 5-17 years,2025 wk48,Average Ratio,0.0048
Influenza-like illness (ILI),Borough,Unknown,Age Group,Ages 5-17 years,2025 wk49,Average Ratio,0.0026
Influenza-like illness (ILI),Borough,Unknown,Age Group,Ages 5-17 years,2025 wk50,Average Ratio,0.0031
Influenza-like illness (ILI),Borough,Unknown,Age Group,Ages 5-17 years,2025 wk51,Average Ratio,0.0049
Influenza-like illness (ILI),Borough,Unknown,Age Group,Ages 18-64 years,2025 wk27,Average Ratio,0.0003
Influenza-like illness (ILI),Borough,Unknown,Age Group,Ages 18-64 years,2025 wk28,Average Ratio,0.0003
Influenza-like illness (ILI),Borough,Unknown,Age Group,Ages 18-64 years,2025 wk29,Average Ratio,0.0005
Influenza-like illness (ILI),Borough,Unknown,Age Group,Ages 18-64 years,2025 wk30,Average Ratio,0.0002
Influenza-like illness (ILI),Borough,Unknown,Age Group,Ages 18-64 years,2025 wk31,Average Ratio,0.0005
Influenza-like illness (ILI),Borough,Unknown,Age Group,Ages 18-64 years,2025 wk32,Average Ratio,0.0004
Influenza-like illness (ILI),Borough,Unknown,Age Group,Ages 18-64 years,2025 wk33,Average Ratio,0.0003
Influenza-like illness (ILI),Borough,Unknown,Age Group,Ages 18-64 years,2025 wk34,Average Ratio,0.0003
Influenza-like illness (ILI),Borough,Unknown,Age Group,Ages 18-64 years,2025 wk35,Average Ratio,0.0003
Influenza-like illness (ILI),Borough,Unknown,Age Group,Ages 18-64 years,2025 wk36,Average Ratio,0.0003
Influenza-like illness (ILI),Borough,Unknown,Age Group,Ages 18-64 years,2025 wk37,Average Ratio,0.0003
Influenza-like illness (ILI),Borough,Unknown,Age Group,Ages 18-64 years,2025 wk38,Average Ratio,0.0006
Influenza-like illness (ILI),Borough,Unknown,Age Group,Ages 18-64 years,2025 wk39,Average Ratio,0.0005
Influenza-like illness (ILI),Borough,Unknown,Age Group,Ages 18-64 years,2025 wk40,Average Ratio,0.0005
Influenza-like illness (ILI),Borough,Unknown,Age Group,Ages 18-64 years,2025 wk41,Average Ratio,0.0003
Influenza-like illness (ILI),Borough,Unknown,Age Group,Ages 18-64 years,2025 wk42,Average Ratio,0.0004
Influenza-like illness (ILI),Borough,Unknown,Age Group,Ages 18-64 years,2025 wk43,Average Ratio,0.0004
Influenza-like illness (ILI),Borough,Unknown,Age Group,Ages 18-64 years,2025 wk44,Average Ratio,0.0005
Influenza-like illness (ILI),Borough,Unknown,Age Group,Ages 18-64 years,2025 wk45,Average Ratio,0.0007
Influenza-like illness (ILI),Borough,Unknown,Age Group,Ages 18-64 years,2025 wk46,Average Ratio,0.0005
Influenza-like illness (ILI),Borough,Unknown,Age Group,Ages 18-64 years,2025 wk47,Average Ratio,0.0005
Influenza-like illness (ILI),Borough,Unknown,Age Group,Ages 18-64 years,2025 wk48,Average Ratio,0.0009
Influenza-like illness (ILI),Borough,Unknown,Age Group,Ages 18-64 years,2025 wk49,Average Ratio,0.0012
Influenza-like illness (ILI),Borough,Unknown,Age Group,Ages 18-64 years,2025 wk50,Average Ratio,0.0014
Influenza-like illness (ILI),Borough,Unknown,Age Group,Ages 18-64 years,2025 wk51,Average Ratio,0.0023
Influenza-like illness (ILI),Borough,Unknown,Age Group,Ages 65+ years,2025 wk27,Average Ratio,0.0003
Influenza-like illness (ILI),Borough,Unknown,Age Group,Ages 65+ years,2025 wk28,Average Ratio,0.0003
Influenza-like illness (ILI),Borough,Unknown,Age Group,Ages 65+ years,2025 wk29,Average Ratio,0.0003
Influenza-like illness (ILI),Borough,Unknown,Age Group,Ages 65+ years,2025 wk30,Average Ratio,0.0002
Influenza-like illness (ILI),Borough,Unknown,Age Group,Ages 65+ years,2025 wk31,Average Ratio,0.0001
Influenza-like illness (ILI),Borough,Unknown,Age Group,Ages 65+ years,2025 wk32,Average Ratio,0.0003
Influenza-like illness (ILI),Borough,Unknown,Age Group,Ages 65+ years,2025 wk33,Average Ratio,0.0001
Influenza-like illness (ILI),Borough,Unknown,Age Group,Ages 65+ years,2025 wk34,Average Ratio,0.0003
Influenza-like illness (ILI),Borough,Unknown,Age Group,Ages 65+ years,2025 wk35,Average Ratio,0.0002
Influenza-like illness (ILI),Borough,Unknown,Age Group,Ages 65+ years,2025 wk36,Average Ratio,0
Influenza-like illness (ILI),Borough,Unknown,Age Group,Ages 65+ years,2025 wk37,Average Ratio,0.0002
Influenza-like illness (ILI),Borough,Unknown,Age Group,Ages 65+ years,2025 wk38,Average Ratio,0.0003
Influenza-like illness (ILI),Borough,Unknown,Age Group,Ages 65+ years,2025 wk39,Average Ratio,0.0001
Influenza-like illness (ILI),Borough,Unknown,Age Group,Ages 65+ years,2025 wk40,Average Ratio,0.0001
Influenza-like illness (ILI),Borough,Unknown,Age Group,Ages 65+ years,2025 wk41,Average Ratio,0.0004
Influenza-like illness (ILI),Borough,Unknown,Age Group,Ages 65+ years,2025 wk42,Average Ratio,0.0003
Influenza-like illness (ILI),Borough,Unknown,Age Group,Ages 65+ years,2025 wk43,Average Ratio,0.0001
Influenza-like illness (ILI),Borough,Unknown,Age Group,Ages 65+ years,2025 wk44,Average Ratio,0.0001
Influenza-like illness (ILI),Borough,Unknown,Age Group,Ages 65+ years,2025 wk45,Average Ratio,0.0001
Influenza-like illness (ILI),Borough,Unknown,Age Group,Ages 65+ years,2025 wk46,Average Ratio,0.0003
Influenza-like illness (ILI),Borough,Unknown,Age Group,Ages 65+ years,2025 wk47,Average Ratio,0.0001
Influenza-like illness (ILI),Borough,Unknown,Age Group,Ages 65+ years,2025 wk48,Average Ratio,0.0005
Influenza-like illness (ILI),Borough,Unknown,Age Group,Ages 65+ years,2025 wk49,Average Ratio,0.0001
Influenza-like illness (ILI),Borough,Unknown,Age Group,Ages 65+ years,2025 wk50,Average Ratio,0.0008
Influenza-like illness (ILI),Borough,Unknown,Age Group,Ages 65+ years,2025 wk51,Average Ratio,0.0006
Influenza-like illness (ILI),Citywide,Citywide,Age Group,All age groups,2025 wk27,Average Ratio,0.0168
Influenza-like illness (ILI),Citywide,Citywide,Age Group,All age groups,2025 wk28,Average Ratio,0.0156
Influenza-like illness (ILI),Citywide,Citywide,Age Group,All age groups,2025 wk29,Average Ratio,0.0145
Influenza-like illness (ILI),Citywide,Citywide,Age Group,All age groups,2025 wk30,Average Ratio,0.0154
Influenza-like illness (ILI),Citywide,Citywide,Age Group,All age groups,2025 wk31,Average Ratio,0.0138
Influenza-like illness (ILI),Citywide,Citywide,Age Group,All age groups,2025 wk32,Average Ratio,0.0157
Influenza-like illness (ILI),Citywide,Citywide,Age Group,All age groups,2025 wk33,Average Ratio,0.0154
Influenza-like illness (ILI),Citywide,Citywide,Age Group,All age groups,2025 wk34,Average Ratio,0.0146
Influenza-like illness (ILI),Citywide,Citywide,Age Group,All age groups,2025 wk35,Average Ratio,0.0133
Influenza-like illness (ILI),Citywide,Citywide,Age Group,All age groups,2025 wk36,Average Ratio,0.0135
Influenza-like illness (ILI),Citywide,Citywide,Age Group,All age groups,2025 wk37,Average Ratio,0.0157
Influenza-like illness (ILI),Citywide,Citywide,Age Group,All age groups,2025 wk38,Average Ratio,0.02
Influenza-like illness (ILI),Citywide,Citywide,Age Group,All age groups,2025 wk39,Average Ratio,0.0202
Influenza-like illness (ILI),Citywide,Citywide,Age Group,All age groups,2025 wk40,Average Ratio,0.0193
Influenza-like illness (ILI),Citywide,Citywide,Age Group,All age groups,2025 wk41,Average Ratio,0.0174
Influenza-like illness (ILI),Citywide,Citywide,Age Group,All age groups,2025 wk42,Average Ratio,0.0186
Influenza-like illness (ILI),Citywide,Citywide,Age Group,All age groups,2025 wk43,Average Ratio,0.0197
Influenza-like illness (ILI),Citywide,Citywide,Age Group,All age groups,2025 wk44,Average Ratio,0.0211
Influenza-like illness (ILI),Citywide,Citywide,Age Group,All age groups,2025 wk45,Average Ratio,0.0244
Influenza-like illness (ILI),Citywide,Citywide,Age Group,All age groups,2025 wk46,Average Ratio,0.0275
Influenza-like illness (ILI),Citywide,Citywide,Age Group,All age groups,2025 wk47,Average Ratio,0.0369
Influenza-like illness (ILI),Citywide,Citywide,Age Group,All age groups,2025 wk48,Average Ratio,0.0568
Influenza-like illness (ILI),Citywide,Citywide,Age Group,All age groups,2025 wk49,Average Ratio,0.0646
Influenza-like illness (ILI),Citywide,Citywide,Age Group,All age groups,2025 wk50,Average Ratio,0.089
Influenza-like illness (ILI),Citywide,Citywide,Age Group,All age groups,2025 wk51,Average Ratio,0.1097
Influenza-like illness (ILI),Citywide,Citywide,Age Group,Ages 0-4 years,2025 wk27,Average Ratio,0.0943
Influenza-like illness (ILI),Citywide,Citywide,Age Group,Ages 0-4 years,2025 wk28,Average Ratio,0.0931
Influenza-like illness (ILI),Citywide,Citywide,Age Group,Ages 0-4 years,2025 wk29,Average Ratio,0.0869
Influenza-like illness (ILI),Citywide,Citywide,Age Group,Ages 0-4 years,2025 wk30,Average Ratio,0.0818
Influenza-like illness (ILI),Citywide,Citywide,Age Group,Ages 0-4 years,2025 wk31,Average Ratio,0.0722
Influenza-like illness (ILI),Citywide,Citywide,Age Group,Ages 0-4 years,2025 wk32,Average Ratio,0.079
Influenza-like illness (ILI),Citywide,Citywide,Age Group,Ages 0-4 years,2025 wk33,Average Ratio,0.0789
Influenza-like illness (ILI),Citywide,Citywide,Age Group,Ages 0-4 years,2025 wk34,Average Ratio,0.0758
Influenza-like illness (ILI),Citywide,Citywide,Age Group,Ages 0-4 years,2025 wk35,Average Ratio,0.0641
Influenza-like illness (ILI),Citywide,Citywide,Age Group,Ages 0-4 years,2025 wk36,Average Ratio,0.0685
Influenza-like illness (ILI),Citywide,Citywide,Age Group,Ages 0-4 years,2025 wk37,Average Ratio,0.0694
Influenza-like illness (ILI),Citywide,Citywide,Age Group,Ages 0-4 years,2025 wk38,Average Ratio,0.0944
Influenza-like illness (ILI),Citywide,Citywide,Age Group,Ages 0-4 years,2025 wk39,Average Ratio,0.0954
Influenza-like illness (ILI),Citywide,Citywide,Age Group,Ages 0-4 years,2025 wk40,Average Ratio,0.0958
Influenza-like illness (ILI),Citywide,Citywide,Age Group,Ages 0-4 years,2025 wk41,Average Ratio,0.0911
Influenza-like illness (ILI),Citywide,Citywide,Age Group,Ages 0-4 years,2025 wk42,Average Ratio,0.0994
Influenza-like illness (ILI),Citywide,Citywide,Age Group,Ages 0-4 years,2025 wk43,Average Ratio,0.1021
Influenza-like illness (ILI),Citywide,Citywide,Age Group,Ages 0-4 years,2025 wk44,Average Ratio,0.1161
Influenza-like illness (ILI),Citywide,Citywide,Age Group,Ages 0-4 years,2025 wk45,Average Ratio,0.121
Influenza-like illness (ILI),Citywide,Citywide,Age Group,Ages 0-4 years,2025 wk46,Average Ratio,0.1385
Influenza-like illness (ILI),Citywide,Citywide,Age Group,Ages 0-4 years,2025 wk47,Average Ratio,0.1481
Influenza-like illness (ILI),Citywide,Citywide,Age Group,Ages 0-4 years,2025 wk48,Average Ratio,0.1927
Influenza-like illness (ILI),Citywide,Citywide,Age Group,Ages 0-4 years,2025 wk49,Average Ratio,0.2082
Influenza-like illness (ILI),Citywide,Citywide,Age Group,Ages 0-4 years,2025 wk50,Average Ratio,0.2415
Influenza-like illness (ILI),Citywide,Citywide,Age Group,Ages 0-4 years,2025 wk51,Average Ratio,0.2596
Influenza-like illness (ILI),Citywide,Citywide,Age Group,Ages 5-17 years,2025 wk27,Average Ratio,0.0413
Influenza-like illness (ILI),Citywide,Citywide,Age Group,Ages 5-17 years,2025 wk28,Average Ratio,0.0344
Influenza-like illness (ILI),Citywide,Citywide,Age Group,Ages 5-17 years,2025 wk29,Average Ratio,0.0336
Influenza-like illness (ILI),Citywide,Citywide,Age Group,Ages 5-17 years,2025 wk30,Average Ratio,0.0406
Influenza-like illness (ILI),Citywide,Citywide,Age Group,Ages 5-17 years,2025 wk31,Average Ratio,0.0343
Influenza-like illness (ILI),Citywide,Citywide,Age Group,Ages 5-17 years,2025 wk32,Average Ratio,0.0318
Influenza-like illness (ILI),Citywide,Citywide,Age Group,Ages 5-17 years,2025 wk33,Average Ratio,0.0384
Influenza-like illness (ILI),Citywide,Citywide,Age Group,Ages 5-17 years,2025 wk34,Average Ratio,0.0386
Influenza-like illness (ILI),Citywide,Citywide,Age Group,Ages 5-17 years,2025 wk35,Average Ratio,0.0281
Influenza-like illness (ILI),Citywide,Citywide,Age Group,Ages 5-17 years,2025 wk36,Average Ratio,0.0262
Influenza-like illness (ILI),Citywide,Citywide,Age Group,Ages 5-17 years,2025 wk37,Average Ratio,0.0372
Influenza-like illness (ILI),Citywide,Citywide,Age Group,Ages 5-17 years,2025 wk38,Average Ratio,0.0505
Influenza-like illness (ILI),Citywide,Citywide,Age Group,Ages 5-17 years,2025 wk39,Average Ratio,0.0432
Influenza-like illness (ILI),Citywide,Citywide,Age Group,Ages 5-17 years,2025 wk40,Average Ratio,0.0416
Influenza-like illness (ILI),Citywide,Citywide,Age Group,Ages 5-17 years,2025 wk41,Average Ratio,0.0373
Influenza-like illness (ILI),Citywide,Citywide,Age Group,Ages 5-17 years,2025 wk42,Average Ratio,0.0451
Influenza-like illness (ILI),Citywide,Citywide,Age Group,Ages 5-17 years,2025 wk43,Average Ratio,0.0459
Influenza-like illness (ILI),Citywide,Citywide,Age Group,Ages 5-17 years,2025 wk44,Average Ratio,0.0518
Influenza-like illness (ILI),Citywide,Citywide,Age Group,Ages 5-17 years,2025 wk45,Average Ratio,0.0606
Influenza-like illness (ILI),Citywide,Citywide,Age Group,Ages 5-17 years,2025 wk46,Average Ratio,0.0727
Influenza-like illness (ILI),Citywide,Citywide,Age Group,Ages 5-17 years,2025 wk47,Average Ratio,0.1079
Influenza-like illness (ILI),Citywide,Citywide,Age Group,Ages 5-17 years,2025 wk48,Average Ratio,0.1809
Influenza-like illness (ILI),Citywide,Citywide,Age Group,Ages 5-17 years,2025 wk49,Average Ratio,0.1719
Influenza-like illness (ILI),Citywide,Citywide,Age Group,Ages 5-17 years,2025 wk50,Average Ratio,0.2319
Influenza-like illness (ILI),Citywide,Citywide,Age Group,Ages 5-17 years,2025 wk51,Average Ratio,0.2805
Influenza-like illness (ILI),Citywide,Citywide,Age Group,Ages 18-64 years,2025 wk27,Average Ratio,0.0089
Influenza-like illness (ILI),Citywide,Citywide,Age Group,Ages 18-64 years,2025 wk28,Average Ratio,0.0084
Influenza-like illness (ILI),Citywide,Citywide,Age Group,Ages 18-64 years,2025 wk29,Average Ratio,0.0077
Influenza-like illness (ILI),Citywide,Citywide,Age Group,Ages 18-64 years,2025 wk30,Average Ratio,0.009
Influenza-like illness (ILI),Citywide,Citywide,Age Group,Ages 18-64 years,2025 wk31,Average Ratio,0.0088
Influenza-like illness (ILI),Citywide,Citywide,Age Group,Ages 18-64 years,2025 wk32,Average Ratio,0.0108
Influenza-like illness (ILI),Citywide,Citywide,Age Group,Ages 18-64 years,2025 wk33,Average Ratio,0.0104
Influenza-like illness (ILI),Citywide,Citywide,Age Group,Ages 18-64 years,2025 wk34,Average Ratio,0.0096
Influenza-like illness (ILI),Citywide,Citywide,Age Group,Ages 18-64 years,2025 wk35,Average Ratio,0.0092
Influenza-like illness (ILI),Citywide,Citywide,Age Group,Ages 18-64 years,2025 wk36,Average Ratio,0.0094
Influenza-like illness (ILI),Citywide,Citywide,Age Group,Ages 18-64 years,2025 wk37,Average Ratio,0.0108
Influenza-like illness (ILI),Citywide,Citywide,Age Group,Ages 18-64 years,2025 wk38,Average Ratio,0.011
Influenza-like illness (ILI),Citywide,Citywide,Age Group,Ages 18-64 years,2025 wk39,Average Ratio,0.0126
Influenza-like illness (ILI),Citywide,Citywide,Age Group,Ages 18-64 years,2025 wk40,Average Ratio,0.0118
Influenza-like illness (ILI),Citywide,Citywide,Age Group,Ages 18-64 years,2025 wk41,Average Ratio,0.0103
Influenza-like illness (ILI),Citywide,Citywide,Age Group,Ages 18-64 years,2025 wk42,Average Ratio,0.0105
Influenza-like illness (ILI),Citywide,Citywide,Age Group,Ages 18-64 years,2025 wk43,Average Ratio,0.0111
Influenza-like illness (ILI),Citywide,Citywide,Age Group,Ages 18-64 years,2025 wk44,Average Ratio,0.0108
Influenza-like illness (ILI),Citywide,Citywide,Age Group,Ages 18-64 years,2025 wk45,Average Ratio,0.0136
Influenza-like illness (ILI),Citywide,Citywide,Age Group,Ages 18-64 years,2025 wk46,Average Ratio,0.0138
Influenza-like illness (ILI),Citywide,Citywide,Age Group,Ages 18-64 years,2025 wk47,Average Ratio,0.0186
Influenza-like illness (ILI),Citywide,Citywide,Age Group,Ages 18-64 years,2025 wk48,Average Ratio,0.0266
Influenza-like illness (ILI),Citywide,Citywide,Age Group,Ages 18-64 years,2025 wk49,Average Ratio,0.0366
Influenza-like illness (ILI),Citywide,Citywide,Age Group,Ages 18-64 years,2025 wk50,Average Ratio,0.0511
Influenza-like illness (ILI),Citywide,Citywide,Age Group,Ages 18-64 years,2025 wk51,Average Ratio,0.0597
Influenza-like illness (ILI),Citywide,Citywide,Age Group,Ages 65+ years,2025 wk27,Average Ratio,0.0058
Influenza-like illness (ILI),Citywide,Citywide,Age Group,Ages 65+ years,2025 wk28,Average Ratio,0.0059
Influenza-like illness (ILI),Citywide,Citywide,Age Group,Ages 65+ years,2025 wk29,Average Ratio,0.0046
Influenza-like illness (ILI),Citywide,Citywide,Age Group,Ages 65+ years,2025 wk30,Average Ratio,0.004
Influenza-like illness (ILI),Citywide,Citywide,Age Group,Ages 65+ years,2025 wk31,Average Ratio,0.0049
Influenza-like illness (ILI),Citywide,Citywide,Age Group,Ages 65+ years,2025 wk32,Average Ratio,0.0058
Influenza-like illness (ILI),Citywide,Citywide,Age Group,Ages 65+ years,2025 wk33,Average Ratio,0.0042
Influenza-like illness (ILI),Citywide,Citywide,Age Group,Ages 65+ years,2025 wk34,Average Ratio,0.0048
Influenza-like illness (ILI),Citywide,Citywide,Age Group,Ages 65+ years,2025 wk35,Average Ratio,0.0065
Influenza-like illness (ILI),Citywide,Citywide,Age Group,Ages 65+ years,2025 wk36,Average Ratio,0.0055
Influenza-like illness (ILI),Citywide,Citywide,Age Group,Ages 65+ years,2025 wk37,Average Ratio,0.0056
Influenza-like illness (ILI),Citywide,Citywide,Age Group,Ages 65+ years,2025 wk38,Average Ratio,0.0065
Influenza-like illness (ILI),Citywide,Citywide,Age Group,Ages 65+ years,2025 wk39,Average Ratio,0.0074
Influenza-like illness (ILI),Citywide,Citywide,Age Group,Ages 65+ years,2025 wk40,Average Ratio,0.0063
Influenza-like illness (ILI),Citywide,Citywide,Age Group,Ages 65+ years,2025 wk41,Average Ratio,0.0057
Influenza-like illness (ILI),Citywide,Citywide,Age Group,Ages 65+ years,2025 wk42,Average Ratio,0.0056
Influenza-like illness (ILI),Citywide,Citywide,Age Group,Ages 65+ years,2025 wk43,Average Ratio,0.0063
Influenza-like illness (ILI),Citywide,Citywide,Age Group,Ages 65+ years,2025 wk44,Average Ratio,0.0054
Influenza-like illness (ILI),Citywide,Citywide,Age Group,Ages 65+ years,2025 wk45,Average Ratio,0.006
Influenza-like illness (ILI),Citywide,Citywide,Age Group,Ages 65+ years,2025 wk46,Average Ratio,0.0078
Influenza-like illness (ILI),Citywide,Citywide,Age Group,Ages 65+ years,2025 wk47,Average Ratio,0.0099
Influenza-like illness (ILI),Citywide,Citywide,Age Group,Ages 65+ years,2025 wk48,Average Ratio,0.0133
Influenza-like illness (ILI),Citywide,Citywide,Age Group,Ages 65+ years,2025 wk49,Average Ratio,0.0182
Influenza-like illness (ILI),Citywide,Citywide,Age Group,Ages 65+ years,2025 wk50,Average Ratio,0.025
Influenza-like illness (ILI),Citywide,Citywide,Age Group,Ages 65+ years,2025 wk51,Average Ratio,0.0306