"geo_value","signal","time_value","value","county"
"48029","pct_ed_visits_influenza",2022-09-25,0.78,"Bexar County"
"48113","pct_ed_visits_influenza",2022-09-25,0.4,"Dallas County"
"48141","pct_ed_visits_influenza",2022-09-25,0.27,"El Paso County"
"48201","pct_ed_visits_influenza",2022-09-25,1.21,"Harris County"
"48453","pct_ed_visits_influenza",2022-09-25,1.38,"Travis County"
"48029","pct_ed_visits_influenza",2022-10-02,1.61,"Bexar County"
"48113","pct_ed_visits_influenza",2022-10-02,0.59,"Dallas County"
"48141","pct_ed_visits_influenza",2022-10-02,0.45,"El Paso County"
"48201","pct_ed_visits_influenza",2022-10-02,2.06,"Harris County"
"48453","pct_ed_visits_influenza",2022-10-02,3.03,"Travis County"
"48029","pct_ed_visits_influenza",2022-10-09,2.75,"Bexar County"
"48113","pct_ed_visits_influenza",2022-10-09,0.79,"Dallas County"
"48141","pct_ed_visits_influenza",2022-10-09,0.27,"El Paso County"
"48201","pct_ed_visits_influenza",2022-10-09,3.19,"Harris County"
"48453","pct_ed_visits_influenza",2022-10-09,3.91,"Travis County"
"48029","pct_ed_visits_influenza",2022-10-16,3.98,"Bexar County"
"48113","pct_ed_visits_influenza",2022-10-16,1.27,"Dallas County"
"48141","pct_ed_visits_influenza",2022-10-16,0.4,"El Paso County"
"48201","pct_ed_visits_influenza",2022-10-16,4.38,"Harris County"
"48453","pct_ed_visits_influenza",2022-10-16,4.48,"Travis County"
"48029","pct_ed_visits_influenza",2022-10-23,6.39,"Bexar County"
"48113","pct_ed_visits_influenza",2022-10-23,2.48,"Dallas County"
"48141","pct_ed_visits_influenza",2022-10-23,0.61,"El Paso County"
"48201","pct_ed_visits_influenza",2022-10-23,7.17,"Harris County"
"48453","pct_ed_visits_influenza",2022-10-23,6.21,"Travis County"
"48029","pct_ed_visits_influenza",2022-10-30,8.91,"Bexar County"
"48113","pct_ed_visits_influenza",2022-10-30,4.54,"Dallas County"
"48141","pct_ed_visits_influenza",2022-10-30,1.44,"El Paso County"
"48201","pct_ed_visits_influenza",2022-10-30,7.8,"Harris County"
"48453","pct_ed_visits_influenza",2022-10-30,6.87,"Travis County"
"48029","pct_ed_visits_influenza",2022-11-06,7.95,"Bexar County"
"48113","pct_ed_visits_influenza",2022-11-06,5.82,"Dallas County"
"48141","pct_ed_visits_influenza",2022-11-06,2.21,"El Paso County"
"48201","pct_ed_visits_influenza",2022-11-06,5.87,"Harris County"
"48453","pct_ed_visits_influenza",2022-11-06,5.42,"Travis County"
"48029","pct_ed_visits_influenza",2022-11-13,7.18,"Bexar County"
"48113","pct_ed_visits_influenza",2022-11-13,7.17,"Dallas County"
"48141","pct_ed_visits_influenza",2022-11-13,3.69,"El Paso County"
"48201","pct_ed_visits_influenza",2022-11-13,4.38,"Harris County"
"48453","pct_ed_visits_influenza",2022-11-13,4.83,"Travis County"
"48029","pct_ed_visits_influenza",2022-11-20,7.11,"Bexar County"
"48113","pct_ed_visits_influenza",2022-11-20,9.91,"Dallas County"
"48141","pct_ed_visits_influenza",2022-11-20,5.94,"El Paso County"
"48201","pct_ed_visits_influenza",2022-11-20,4.28,"Harris County"
"48453","pct_ed_visits_influenza",2022-11-20,6.08,"Travis County"
"48029","pct_ed_visits_influenza",2022-11-27,4.55,"Bexar County"
"48113","pct_ed_visits_influenza",2022-11-27,6.82,"Dallas County"
"48141","pct_ed_visits_influenza",2022-11-27,5.29,"El Paso County"
"48201","pct_ed_visits_influenza",2022-11-27,3.31,"Harris County"
"48453","pct_ed_visits_influenza",2022-11-27,4.17,"Travis County"
"48029","pct_ed_visits_influenza",2022-12-04,3.45,"Bexar County"
"48113","pct_ed_visits_influenza",2022-12-04,5.71,"Dallas County"
"48141","pct_ed_visits_influenza",2022-12-04,5.19,"El Paso County"
"48201","pct_ed_visits_influenza",2022-12-04,2.89,"Harris County"
"48453","pct_ed_visits_influenza",2022-12-04,3.27,"Travis County"
"48029","pct_ed_visits_influenza",2022-12-11,2.42,"Bexar County"
"48113","pct_ed_visits_influenza",2022-12-11,4.02,"Dallas County"
"48141","pct_ed_visits_influenza",2022-12-11,4.23,"El Paso County"
"48201","pct_ed_visits_influenza",2022-12-11,2.09,"Harris County"
"48453","pct_ed_visits_influenza",2022-12-11,2.66,"Travis County"
"48029","pct_ed_visits_influenza",2022-12-18,2.05,"Bexar County"
"48113","pct_ed_visits_influenza",2022-12-18,3.25,"Dallas County"
"48141","pct_ed_visits_influenza",2022-12-18,3.86,"El Paso County"
"48201","pct_ed_visits_influenza",2022-12-18,1.72,"Harris County"
"48453","pct_ed_visits_influenza",2022-12-18,2.54,"Travis County"
"48029","pct_ed_visits_influenza",2022-12-25,1.87,"Bexar County"
"48113","pct_ed_visits_influenza",2022-12-25,2.88,"Dallas County"
"48141","pct_ed_visits_influenza",2022-12-25,2.63,"El Paso County"
"48201","pct_ed_visits_influenza",2022-12-25,1.7,"Harris County"
"48453","pct_ed_visits_influenza",2022-12-25,2.34,"Travis County"
"48029","pct_ed_visits_influenza",2023-01-01,1.35,"Bexar County"
"48113","pct_ed_visits_influenza",2023-01-01,1.64,"Dallas County"
"48141","pct_ed_visits_influenza",2023-01-01,1.14,"El Paso County"
"48201","pct_ed_visits_influenza",2023-01-01,1.12,"Harris County"
"48453","pct_ed_visits_influenza",2023-01-01,1.75,"Travis County"
"48029","pct_ed_visits_influenza",2023-01-08,0.76,"Bexar County"
"48113","pct_ed_visits_influenza",2023-01-08,1.1,"Dallas County"
"48141","pct_ed_visits_influenza",2023-01-08,0.69,"El Paso County"
"48201","pct_ed_visits_influenza",2023-01-08,0.88,"Harris County"
"48453","pct_ed_visits_influenza",2023-01-08,1.11,"Travis County"
"48029","pct_ed_visits_influenza",2023-01-15,0.68,"Bexar County"
"48113","pct_ed_visits_influenza",2023-01-15,0.75,"Dallas County"
"48141","pct_ed_visits_influenza",2023-01-15,0.58,"El Paso County"
"48201","pct_ed_visits_influenza",2023-01-15,0.65,"Harris County"
"48453","pct_ed_visits_influenza",2023-01-15,0.77,"Travis County"
"48029","pct_ed_visits_influenza",2023-01-22,0.57,"Bexar County"
"48113","pct_ed_visits_influenza",2023-01-22,0.67,"Dallas County"
"48141","pct_ed_visits_influenza",2023-01-22,0.66,"El Paso County"
"48201","pct_ed_visits_influenza",2023-01-22,0.56,"Harris County"
"48453","pct_ed_visits_influenza",2023-01-22,0.59,"Travis County"
"48029","pct_ed_visits_influenza",2023-01-29,0.5,"Bexar County"
"48113","pct_ed_visits_influenza",2023-01-29,0.45,"Dallas County"
"48141","pct_ed_visits_influenza",2023-01-29,0.51,"El Paso County"
"48201","pct_ed_visits_influenza",2023-01-29,0.56,"Harris County"
"48453","pct_ed_visits_influenza",2023-01-29,0.71,"Travis County"
"48029","pct_ed_visits_influenza",2023-02-05,0.38,"Bexar County"
"48113","pct_ed_visits_influenza",2023-02-05,0.52,"Dallas County"
"48141","pct_ed_visits_influenza",2023-02-05,0.61,"El Paso County"
"48201","pct_ed_visits_influenza",2023-02-05,0.58,"Harris County"
"48453","pct_ed_visits_influenza",2023-02-05,0.43,"Travis County"
"48029","pct_ed_visits_influenza",2023-02-12,0.42,"Bexar County"
"48113","pct_ed_visits_influenza",2023-02-12,0.46,"Dallas County"
"48141","pct_ed_visits_influenza",2023-02-12,0.43,"El Paso County"
"48201","pct_ed_visits_influenza",2023-02-12,0.42,"Harris County"
"48453","pct_ed_visits_influenza",2023-02-12,0.46,"Travis County"
"48029","pct_ed_visits_influenza",2023-02-19,0.53,"Bexar County"
"48113","pct_ed_visits_influenza",2023-02-19,0.41,"Dallas County"
"48141","pct_ed_visits_influenza",2023-02-19,0.5,"El Paso County"
"48201","pct_ed_visits_influenza",2023-02-19,0.44,"Harris County"
"48453","pct_ed_visits_influenza",2023-02-19,0.47,"Travis County"
"48029","pct_ed_visits_influenza",2023-02-26,0.48,"Bexar County"
"48113","pct_ed_visits_influenza",2023-02-26,0.33,"Dallas County"
"48141","pct_ed_visits_influenza",2023-02-26,0.27,"El Paso County"
"48201","pct_ed_visits_influenza",2023-02-26,0.25,"Harris County"
"48453","pct_ed_visits_influenza",2023-02-26,0.46,"Travis County"
"48029","pct_ed_visits_influenza",2023-03-05,0.32,"Bexar County"
"48113","pct_ed_visits_influenza",2023-03-05,0.28,"Dallas County"
"48141","pct_ed_visits_influenza",2023-03-05,0.44,"El Paso County"
"48201","pct_ed_visits_influenza",2023-03-05,0.26,"Harris County"
"48453","pct_ed_visits_influenza",2023-03-05,0.38,"Travis County"
"48029","pct_ed_visits_influenza",2023-03-12,0.15,"Bexar County"
"48113","pct_ed_visits_influenza",2023-03-12,0.33,"Dallas County"
"48141","pct_ed_visits_influenza",2023-03-12,0.36,"El Paso County"
"48201","pct_ed_visits_influenza",2023-03-12,0.27,"Harris County"
"48453","pct_ed_visits_influenza",2023-03-12,0.29,"Travis County"
"48029","pct_ed_visits_influenza",2023-03-19,0.19,"Bexar County"
"48113","pct_ed_visits_influenza",2023-03-19,0.34,"Dallas County"
"48141","pct_ed_visits_influenza",2023-03-19,0.45,"El Paso County"
"48201","pct_ed_visits_influenza",2023-03-19,0.23,"Harris County"
"48453","pct_ed_visits_influenza",2023-03-19,0.32,"Travis County"
"48029","pct_ed_visits_influenza",2023-03-26,0.14,"Bexar County"
"48113","pct_ed_visits_influenza",2023-03-26,0.24,"Dallas County"
"48141","pct_ed_visits_influenza",2023-03-26,0.33,"El Paso County"
"48201","pct_ed_visits_influenza",2023-03-26,0.24,"Harris County"
"48453","pct_ed_visits_influenza",2023-03-26,0.35,"Travis County"
"48029","pct_ed_visits_influenza",2023-04-02,0.13,"Bexar County"
"48113","pct_ed_visits_influenza",2023-04-02,0.23,"Dallas County"
"48141","pct_ed_visits_influenza",2023-04-02,0.48,"El Paso County"
"48201","pct_ed_visits_influenza",2023-04-02,0.23,"Harris County"
"48453","pct_ed_visits_influenza",2023-04-02,0.45,"Travis County"
"48029","pct_ed_visits_influenza",2023-04-09,0.19,"Bexar County"
"48113","pct_ed_visits_influenza",2023-04-09,0.27,"Dallas County"
"48141","pct_ed_visits_influenza",2023-04-09,0.46,"El Paso County"
"48201","pct_ed_visits_influenza",2023-04-09,0.2,"Harris County"
"48453","pct_ed_visits_influenza",2023-04-09,0.37,"Travis County"
"48029","pct_ed_visits_influenza",2023-04-16,0.19,"Bexar County"
"48113","pct_ed_visits_influenza",2023-04-16,0.3,"Dallas County"
"48141","pct_ed_visits_influenza",2023-04-16,0.71,"El Paso County"
"48201","pct_ed_visits_influenza",2023-04-16,0.17,"Harris County"
"48453","pct_ed_visits_influenza",2023-04-16,0.37,"Travis County"
"48029","pct_ed_visits_influenza",2023-04-23,0.12,"Bexar County"
"48113","pct_ed_visits_influenza",2023-04-23,0.34,"Dallas County"
"48141","pct_ed_visits_influenza",2023-04-23,1.05,"El Paso County"
"48201","pct_ed_visits_influenza",2023-04-23,0.22,"Harris County"
"48453","pct_ed_visits_influenza",2023-04-23,0.32,"Travis County"
"48029","pct_ed_visits_influenza",2023-04-30,0.14,"Bexar County"
"48113","pct_ed_visits_influenza",2023-04-30,0.24,"Dallas County"
"48141","pct_ed_visits_influenza",2023-04-30,0.99,"El Paso County"
"48201","pct_ed_visits_influenza",2023-04-30,0.15,"Harris County"
"48453","pct_ed_visits_influenza",2023-04-30,0.39,"Travis County"
"48029","pct_ed_visits_influenza",2023-05-07,0.12,"Bexar County"
"48113","pct_ed_visits_influenza",2023-05-07,0.28,"Dallas County"
"48141","pct_ed_visits_influenza",2023-05-07,1.07,"El Paso County"
"48201","pct_ed_visits_influenza",2023-05-07,0.17,"Harris County"
"48453","pct_ed_visits_influenza",2023-05-07,0.33,"Travis County"
"48029","pct_ed_visits_influenza",2023-05-14,0.18,"Bexar County"
"48113","pct_ed_visits_influenza",2023-05-14,0.25,"Dallas County"
"48141","pct_ed_visits_influenza",2023-05-14,1.15,"El Paso County"
"48201","pct_ed_visits_influenza",2023-05-14,0.21,"Harris County"
"48453","pct_ed_visits_influenza",2023-05-14,0.2,"Travis County"
"48029","pct_ed_visits_influenza",2023-05-21,0.13,"Bexar County"
"48113","pct_ed_visits_influenza",2023-05-21,0.28,"Dallas County"
"48141","pct_ed_visits_influenza",2023-05-21,0.71,"El Paso County"
"48201","pct_ed_visits_influenza",2023-05-21,0.17,"Harris County"
"48453","pct_ed_visits_influenza",2023-05-21,0.2,"Travis County"
"48029","pct_ed_visits_influenza",2023-05-28,0.19,"Bexar County"
"48113","pct_ed_visits_influenza",2023-05-28,0.27,"Dallas County"
"48141","pct_ed_visits_influenza",2023-05-28,0.51,"El Paso County"
"48201","pct_ed_visits_influenza",2023-05-28,0.21,"Harris County"
"48453","pct_ed_visits_influenza",2023-05-28,0.32,"Travis County"
"48029","pct_ed_visits_influenza",2023-06-04,0.08,"Bexar County"
"48113","pct_ed_visits_influenza",2023-06-04,0.21,"Dallas County"
"48141","pct_ed_visits_influenza",2023-06-04,0.56,"El Paso County"
"48201","pct_ed_visits_influenza",2023-06-04,0.2,"Harris County"
"48453","pct_ed_visits_influenza",2023-06-04,0.29,"Travis County"
"48029","pct_ed_visits_influenza",2023-06-11,0.07,"Bexar County"
"48113","pct_ed_visits_influenza",2023-06-11,0.2,"Dallas County"
"48141","pct_ed_visits_influenza",2023-06-11,0.52,"El Paso County"
"48201","pct_ed_visits_influenza",2023-06-11,0.14,"Harris County"
"48453","pct_ed_visits_influenza",2023-06-11,0.23,"Travis County"
"48029","pct_ed_visits_influenza",2023-06-18,0.09,"Bexar County"
"48113","pct_ed_visits_influenza",2023-06-18,0.18,"Dallas County"
"48141","pct_ed_visits_influenza",2023-06-18,0.4,"El Paso County"
"48201","pct_ed_visits_influenza",2023-06-18,0.14,"Harris County"
"48453","pct_ed_visits_influenza",2023-06-18,0.2,"Travis County"
"48029","pct_ed_visits_influenza",2023-06-25,0.1,"Bexar County"
"48113","pct_ed_visits_influenza",2023-06-25,0.16,"Dallas County"
"48141","pct_ed_visits_influenza",2023-06-25,0.28,"El Paso County"
"48201","pct_ed_visits_influenza",2023-06-25,0.15,"Harris County"
"48453","pct_ed_visits_influenza",2023-06-25,0.2,"Travis County"
"48029","pct_ed_visits_influenza",2023-07-02,0.12,"Bexar County"
"48113","pct_ed_visits_influenza",2023-07-02,0.17,"Dallas County"
"48141","pct_ed_visits_influenza",2023-07-02,0.25,"El Paso County"
"48201","pct_ed_visits_influenza",2023-07-02,0.1,"Harris County"
"48453","pct_ed_visits_influenza",2023-07-02,0.26,"Travis County"
"48029","pct_ed_visits_influenza",2023-07-09,0.07,"Bexar County"
"48113","pct_ed_visits_influenza",2023-07-09,0.2,"Dallas County"
"48141","pct_ed_visits_influenza",2023-07-09,0.35,"El Paso County"
"48201","pct_ed_visits_influenza",2023-07-09,0.16,"Harris County"
"48453","pct_ed_visits_influenza",2023-07-09,0.31,"Travis County"
"48029","pct_ed_visits_influenza",2023-07-16,0.08,"Bexar County"
"48113","pct_ed_visits_influenza",2023-07-16,0.15,"Dallas County"
"48141","pct_ed_visits_influenza",2023-07-16,0.23,"El Paso County"
"48201","pct_ed_visits_influenza",2023-07-16,0.14,"Harris County"
"48453","pct_ed_visits_influenza",2023-07-16,0.24,"Travis County"
"48029","pct_ed_visits_influenza",2023-07-23,0.12,"Bexar County"
"48113","pct_ed_visits_influenza",2023-07-23,0.18,"Dallas County"
"48141","pct_ed_visits_influenza",2023-07-23,0.26,"El Paso County"
"48201","pct_ed_visits_influenza",2023-07-23,0.16,"Harris County"
"48453","pct_ed_visits_influenza",2023-07-23,0.17,"Travis County"
"48029","pct_ed_visits_influenza",2023-07-30,0.13,"Bexar County"
"48113","pct_ed_visits_influenza",2023-07-30,0.14,"Dallas County"
"48141","pct_ed_visits_influenza",2023-07-30,0.29,"El Paso County"
"48201","pct_ed_visits_influenza",2023-07-30,0.13,"Harris County"
"48453","pct_ed_visits_influenza",2023-07-30,0.24,"Travis County"
"48029","pct_ed_visits_influenza",2023-08-06,0.1,"Bexar County"
"48113","pct_ed_visits_influenza",2023-08-06,0.2,"Dallas County"
"48141","pct_ed_visits_influenza",2023-08-06,0.26,"El Paso County"
"48201","pct_ed_visits_influenza",2023-08-06,0.17,"Harris County"
"48453","pct_ed_visits_influenza",2023-08-06,0.31,"Travis County"
"48029","pct_ed_visits_influenza",2023-08-13,0.09,"Bexar County"
"48113","pct_ed_visits_influenza",2023-08-13,0.18,"Dallas County"
"48141","pct_ed_visits_influenza",2023-08-13,0.38,"El Paso County"
"48201","pct_ed_visits_influenza",2023-08-13,0.15,"Harris County"
"48453","pct_ed_visits_influenza",2023-08-13,0.21,"Travis County"
"48029","pct_ed_visits_influenza",2023-08-20,0.14,"Bexar County"
"48113","pct_ed_visits_influenza",2023-08-20,0.21,"Dallas County"
"48141","pct_ed_visits_influenza",2023-08-20,0.41,"El Paso County"
"48201","pct_ed_visits_influenza",2023-08-20,0.23,"Harris County"
"48453","pct_ed_visits_influenza",2023-08-20,0.37,"Travis County"
"48029","pct_ed_visits_influenza",2023-08-27,0.29,"Bexar County"
"48113","pct_ed_visits_influenza",2023-08-27,0.33,"Dallas County"
"48141","pct_ed_visits_influenza",2023-08-27,0.56,"El Paso County"
"48201","pct_ed_visits_influenza",2023-08-27,0.23,"Harris County"
"48453","pct_ed_visits_influenza",2023-08-27,0.49,"Travis County"
"48029","pct_ed_visits_influenza",2023-09-03,0.11,"Bexar County"
"48113","pct_ed_visits_influenza",2023-09-03,0.28,"Dallas County"
"48141","pct_ed_visits_influenza",2023-09-03,0.47,"El Paso County"
"48201","pct_ed_visits_influenza",2023-09-03,0.23,"Harris County"
"48453","pct_ed_visits_influenza",2023-09-03,0.41,"Travis County"
"48029","pct_ed_visits_influenza",2023-09-10,0.13,"Bexar County"
"48113","pct_ed_visits_influenza",2023-09-10,0.28,"Dallas County"
"48141","pct_ed_visits_influenza",2023-09-10,0.45,"El Paso County"
"48201","pct_ed_visits_influenza",2023-09-10,0.26,"Harris County"
"48453","pct_ed_visits_influenza",2023-09-10,0.41,"Travis County"
"48029","pct_ed_visits_influenza",2023-09-17,0.15,"Bexar County"
"48113","pct_ed_visits_influenza",2023-09-17,0.34,"Dallas County"
"48141","pct_ed_visits_influenza",2023-09-17,0.43,"El Paso County"
"48201","pct_ed_visits_influenza",2023-09-17,0.35,"Harris County"
"48453","pct_ed_visits_influenza",2023-09-17,0.3,"Travis County"
"48029","pct_ed_visits_influenza",2023-09-24,0.13,"Bexar County"
"48113","pct_ed_visits_influenza",2023-09-24,0.33,"Dallas County"
"48141","pct_ed_visits_influenza",2023-09-24,0.41,"El Paso County"
"48201","pct_ed_visits_influenza",2023-09-24,0.41,"Harris County"
"48453","pct_ed_visits_influenza",2023-09-24,0.45,"Travis County"
"48029","pct_ed_visits_influenza",2023-10-01,0.24,"Bexar County"
"48113","pct_ed_visits_influenza",2023-10-01,0.3,"Dallas County"
"48141","pct_ed_visits_influenza",2023-10-01,0.53,"El Paso County"
"48201","pct_ed_visits_influenza",2023-10-01,0.53,"Harris County"
"48453","pct_ed_visits_influenza",2023-10-01,0.61,"Travis County"
"48029","pct_ed_visits_influenza",2023-10-08,0.24,"Bexar County"
"48113","pct_ed_visits_influenza",2023-10-08,0.45,"Dallas County"
"48141","pct_ed_visits_influenza",2023-10-08,0.36,"El Paso County"
"48201","pct_ed_visits_influenza",2023-10-08,0.72,"Harris County"
"48453","pct_ed_visits_influenza",2023-10-08,0.48,"Travis County"
"48029","pct_ed_visits_influenza",2023-10-15,0.29,"Bexar County"
"48113","pct_ed_visits_influenza",2023-10-15,0.44,"Dallas County"
"48141","pct_ed_visits_influenza",2023-10-15,0.51,"El Paso County"
"48201","pct_ed_visits_influenza",2023-10-15,0.82,"Harris County"
"48453","pct_ed_visits_influenza",2023-10-15,0.69,"Travis County"
"48029","pct_ed_visits_influenza",2023-10-22,0.49,"Bexar County"
"48113","pct_ed_visits_influenza",2023-10-22,0.6,"Dallas County"
"48141","pct_ed_visits_influenza",2023-10-22,0.71,"El Paso County"
"48201","pct_ed_visits_influenza",2023-10-22,1.15,"Harris County"
"48453","pct_ed_visits_influenza",2023-10-22,0.71,"Travis County"
"48029","pct_ed_visits_influenza",2023-10-29,0.71,"Bexar County"
"48113","pct_ed_visits_influenza",2023-10-29,0.67,"Dallas County"
"48141","pct_ed_visits_influenza",2023-10-29,0.71,"El Paso County"
"48201","pct_ed_visits_influenza",2023-10-29,1.77,"Harris County"
"48453","pct_ed_visits_influenza",2023-10-29,0.69,"Travis County"
"48029","pct_ed_visits_influenza",2023-11-05,0.81,"Bexar County"
"48113","pct_ed_visits_influenza",2023-11-05,0.81,"Dallas County"
"48141","pct_ed_visits_influenza",2023-11-05,1.08,"El Paso County"
"48201","pct_ed_visits_influenza",2023-11-05,2.82,"Harris County"
"48453","pct_ed_visits_influenza",2023-11-05,1.15,"Travis County"
"48029","pct_ed_visits_influenza",2023-11-12,1.15,"Bexar County"
"48113","pct_ed_visits_influenza",2023-11-12,0.94,"Dallas County"
"48141","pct_ed_visits_influenza",2023-11-12,1.61,"El Paso County"
"48201","pct_ed_visits_influenza",2023-11-12,3.5,"Harris County"
"48453","pct_ed_visits_influenza",2023-11-12,1.27,"Travis County"
"48029","pct_ed_visits_influenza",2023-11-19,1.36,"Bexar County"
"48113","pct_ed_visits_influenza",2023-11-19,1.18,"Dallas County"
"48141","pct_ed_visits_influenza",2023-11-19,1.46,"El Paso County"
"48201","pct_ed_visits_influenza",2023-11-19,3.95,"Harris County"
"48453","pct_ed_visits_influenza",2023-11-19,1.3,"Travis County"
"48029","pct_ed_visits_influenza",2023-11-26,1.78,"Bexar County"
"48113","pct_ed_visits_influenza",2023-11-26,1.34,"Dallas County"
"48141","pct_ed_visits_influenza",2023-11-26,1.92,"El Paso County"
"48201","pct_ed_visits_influenza",2023-11-26,3.93,"Harris County"
"48453","pct_ed_visits_influenza",2023-11-26,1.64,"Travis County"
"48029","pct_ed_visits_influenza",2023-12-03,2.86,"Bexar County"
"48113","pct_ed_visits_influenza",2023-12-03,2.21,"Dallas County"
"48141","pct_ed_visits_influenza",2023-12-03,4.66,"El Paso County"
"48201","pct_ed_visits_influenza",2023-12-03,4.89,"Harris County"
"48453","pct_ed_visits_influenza",2023-12-03,2.58,"Travis County"
"48029","pct_ed_visits_influenza",2023-12-10,3.94,"Bexar County"
"48113","pct_ed_visits_influenza",2023-12-10,3.39,"Dallas County"
"48141","pct_ed_visits_influenza",2023-12-10,9.99,"El Paso County"
"48201","pct_ed_visits_influenza",2023-12-10,5.78,"Harris County"
"48453","pct_ed_visits_influenza",2023-12-10,3.78,"Travis County"
"48029","pct_ed_visits_influenza",2023-12-17,5.76,"Bexar County"
"48113","pct_ed_visits_influenza",2023-12-17,5.58,"Dallas County"
"48141","pct_ed_visits_influenza",2023-12-17,12.2,"El Paso County"
"48201","pct_ed_visits_influenza",2023-12-17,6.61,"Harris County"
"48453","pct_ed_visits_influenza",2023-12-17,4.68,"Travis County"
"48029","pct_ed_visits_influenza",2023-12-24,5.51,"Bexar County"
"48113","pct_ed_visits_influenza",2023-12-24,6.03,"Dallas County"
"48141","pct_ed_visits_influenza",2023-12-24,9.53,"El Paso County"
"48201","pct_ed_visits_influenza",2023-12-24,5.35,"Harris County"
"48453","pct_ed_visits_influenza",2023-12-24,4.08,"Travis County"
"48029","pct_ed_visits_influenza",2023-12-31,5.21,"Bexar County"
"48113","pct_ed_visits_influenza",2023-12-31,5.74,"Dallas County"
"48141","pct_ed_visits_influenza",2023-12-31,6.12,"El Paso County"
"48201","pct_ed_visits_influenza",2023-12-31,4.49,"Harris County"
"48453","pct_ed_visits_influenza",2023-12-31,4.04,"Travis County"
"48029","pct_ed_visits_influenza",2024-01-07,5.2,"Bexar County"
"48113","pct_ed_visits_influenza",2024-01-07,4.64,"Dallas County"
"48141","pct_ed_visits_influenza",2024-01-07,4.32,"El Paso County"
"48201","pct_ed_visits_influenza",2024-01-07,3.23,"Harris County"
"48453","pct_ed_visits_influenza",2024-01-07,3.65,"Travis County"
"48029","pct_ed_visits_influenza",2024-01-14,6.65,"Bexar County"
"48113","pct_ed_visits_influenza",2024-01-14,5.85,"Dallas County"
"48141","pct_ed_visits_influenza",2024-01-14,3.12,"El Paso County"
"48201","pct_ed_visits_influenza",2024-01-14,2.92,"Harris County"
"48453","pct_ed_visits_influenza",2024-01-14,4.22,"Travis County"
"48029","pct_ed_visits_influenza",2024-01-21,8.17,"Bexar County"
"48113","pct_ed_visits_influenza",2024-01-21,7.76,"Dallas County"
"48141","pct_ed_visits_influenza",2024-01-21,3.59,"El Paso County"
"48201","pct_ed_visits_influenza",2024-01-21,3.03,"Harris County"
"48453","pct_ed_visits_influenza",2024-01-21,5.07,"Travis County"
"48029","pct_ed_visits_influenza",2024-01-28,7.97,"Bexar County"
"48113","pct_ed_visits_influenza",2024-01-28,7.64,"Dallas County"
"48141","pct_ed_visits_influenza",2024-01-28,3.4,"El Paso County"
"48201","pct_ed_visits_influenza",2024-01-28,2.73,"Harris County"
"48453","pct_ed_visits_influenza",2024-01-28,5.69,"Travis County"
"48029","pct_ed_visits_influenza",2024-02-04,6.15,"Bexar County"
"48113","pct_ed_visits_influenza",2024-02-04,6,"Dallas County"
"48141","pct_ed_visits_influenza",2024-02-04,3.42,"El Paso County"
"48201","pct_ed_visits_influenza",2024-02-04,2.27,"Harris County"
"48453","pct_ed_visits_influenza",2024-02-04,4.45,"Travis County"
"48029","pct_ed_visits_influenza",2024-02-11,4.21,"Bexar County"
"48113","pct_ed_visits_influenza",2024-02-11,4.32,"Dallas County"
"48141","pct_ed_visits_influenza",2024-02-11,4.04,"El Paso County"
"48201","pct_ed_visits_influenza",2024-02-11,1.71,"Harris County"
"48453","pct_ed_visits_influenza",2024-02-11,3.24,"Travis County"
"48029","pct_ed_visits_influenza",2024-02-18,3.22,"Bexar County"
"48113","pct_ed_visits_influenza",2024-02-18,3.58,"Dallas County"
"48141","pct_ed_visits_influenza",2024-02-18,4.75,"El Paso County"
"48201","pct_ed_visits_influenza",2024-02-18,1.54,"Harris County"
"48453","pct_ed_visits_influenza",2024-02-18,2.7,"Travis County"
"48029","pct_ed_visits_influenza",2024-02-25,2.38,"Bexar County"
"48113","pct_ed_visits_influenza",2024-02-25,2.31,"Dallas County"
"48141","pct_ed_visits_influenza",2024-02-25,4.35,"El Paso County"
"48201","pct_ed_visits_influenza",2024-02-25,1.32,"Harris County"
"48453","pct_ed_visits_influenza",2024-02-25,1.72,"Travis County"
"48029","pct_ed_visits_influenza",2024-03-03,2,"Bexar County"
"48113","pct_ed_visits_influenza",2024-03-03,1.75,"Dallas County"
"48141","pct_ed_visits_influenza",2024-03-03,3.37,"El Paso County"
"48201","pct_ed_visits_influenza",2024-03-03,1.17,"Harris County"
"48453","pct_ed_visits_influenza",2024-03-03,1.48,"Travis County"
"48029","pct_ed_visits_influenza",2024-03-10,1.14,"Bexar County"
"48113","pct_ed_visits_influenza",2024-03-10,1.21,"Dallas County"
"48141","pct_ed_visits_influenza",2024-03-10,2.64,"El Paso County"
"48201","pct_ed_visits_influenza",2024-03-10,1.02,"Harris County"
"48453","pct_ed_visits_influenza",2024-03-10,1.14,"Travis County"
"48029","pct_ed_visits_influenza",2024-03-17,0.88,"Bexar County"
"48113","pct_ed_visits_influenza",2024-03-17,0.89,"Dallas County"
"48141","pct_ed_visits_influenza",2024-03-17,1.98,"El Paso County"
"48201","pct_ed_visits_influenza",2024-03-17,0.73,"Harris County"
"48453","pct_ed_visits_influenza",2024-03-17,0.77,"Travis County"
"48029","pct_ed_visits_influenza",2024-03-24,0.62,"Bexar County"
"48113","pct_ed_visits_influenza",2024-03-24,0.87,"Dallas County"
"48141","pct_ed_visits_influenza",2024-03-24,1.54,"El Paso County"
"48201","pct_ed_visits_influenza",2024-03-24,0.7,"Harris County"
"48453","pct_ed_visits_influenza",2024-03-24,0.58,"Travis County"
"48029","pct_ed_visits_influenza",2024-03-31,0.41,"Bexar County"
"48113","pct_ed_visits_influenza",2024-03-31,0.71,"Dallas County"
"48141","pct_ed_visits_influenza",2024-03-31,1.2,"El Paso County"
"48201","pct_ed_visits_influenza",2024-03-31,0.52,"Harris County"
"48453","pct_ed_visits_influenza",2024-03-31,0.58,"Travis County"
"48029","pct_ed_visits_influenza",2024-04-07,0.3,"Bexar County"
"48113","pct_ed_visits_influenza",2024-04-07,0.52,"Dallas County"
"48141","pct_ed_visits_influenza",2024-04-07,1.01,"El Paso County"
"48201","pct_ed_visits_influenza",2024-04-07,0.45,"Harris County"
"48453","pct_ed_visits_influenza",2024-04-07,0.61,"Travis County"
"48029","pct_ed_visits_influenza",2024-04-14,0.22,"Bexar County"
"48113","pct_ed_visits_influenza",2024-04-14,0.42,"Dallas County"
"48141","pct_ed_visits_influenza",2024-04-14,1,"El Paso County"
"48201","pct_ed_visits_influenza",2024-04-14,0.38,"Harris County"
"48453","pct_ed_visits_influenza",2024-04-14,0.45,"Travis County"
"48029","pct_ed_visits_influenza",2024-04-21,0.27,"Bexar County"
"48113","pct_ed_visits_influenza",2024-04-21,0.35,"Dallas County"
"48141","pct_ed_visits_influenza",2024-04-21,0.81,"El Paso County"
"48201","pct_ed_visits_influenza",2024-04-21,0.29,"Harris County"
"48453","pct_ed_visits_influenza",2024-04-21,0.5,"Travis County"
"48029","pct_ed_visits_influenza",2024-04-28,0.19,"Bexar County"
"48113","pct_ed_visits_influenza",2024-04-28,0.29,"Dallas County"
"48141","pct_ed_visits_influenza",2024-04-28,0.89,"El Paso County"
"48201","pct_ed_visits_influenza",2024-04-28,0.26,"Harris County"
"48453","pct_ed_visits_influenza",2024-04-28,0.3,"Travis County"
"48029","pct_ed_visits_influenza",2024-05-05,0.18,"Bexar County"
"48113","pct_ed_visits_influenza",2024-05-05,0.29,"Dallas County"
"48141","pct_ed_visits_influenza",2024-05-05,0.63,"El Paso County"
"48201","pct_ed_visits_influenza",2024-05-05,0.3,"Harris County"
"48453","pct_ed_visits_influenza",2024-05-05,0.31,"Travis County"
"48029","pct_ed_visits_influenza",2024-05-12,0.18,"Bexar County"
"48113","pct_ed_visits_influenza",2024-05-12,0.24,"Dallas County"
"48141","pct_ed_visits_influenza",2024-05-12,0.72,"El Paso County"
"48201","pct_ed_visits_influenza",2024-05-12,0.33,"Harris County"
"48453","pct_ed_visits_influenza",2024-05-12,0.27,"Travis County"
"48029","pct_ed_visits_influenza",2024-05-19,0.19,"Bexar County"
"48113","pct_ed_visits_influenza",2024-05-19,0.23,"Dallas County"
"48141","pct_ed_visits_influenza",2024-05-19,0.48,"El Paso County"
"48201","pct_ed_visits_influenza",2024-05-19,0.27,"Harris County"
"48453","pct_ed_visits_influenza",2024-05-19,0.2,"Travis County"
"48029","pct_ed_visits_influenza",2024-05-26,0.26,"Bexar County"
"48113","pct_ed_visits_influenza",2024-05-26,0.27,"Dallas County"
"48141","pct_ed_visits_influenza",2024-05-26,0.42,"El Paso County"
"48201","pct_ed_visits_influenza",2024-05-26,0.29,"Harris County"
"48453","pct_ed_visits_influenza",2024-05-26,0.17,"Travis County"
"48029","pct_ed_visits_influenza",2024-06-02,0.19,"Bexar County"
"48113","pct_ed_visits_influenza",2024-06-02,0.2,"Dallas County"
"48141","pct_ed_visits_influenza",2024-06-02,0.34,"El Paso County"
"48201","pct_ed_visits_influenza",2024-06-02,0.23,"Harris County"
"48453","pct_ed_visits_influenza",2024-06-02,0.13,"Travis County"
"48029","pct_ed_visits_influenza",2024-06-09,0.13,"Bexar County"
"48113","pct_ed_visits_influenza",2024-06-09,0.2,"Dallas County"
"48141","pct_ed_visits_influenza",2024-06-09,0.18,"El Paso County"
"48201","pct_ed_visits_influenza",2024-06-09,0.2,"Harris County"
"48453","pct_ed_visits_influenza",2024-06-09,0.2,"Travis County"
"48029","pct_ed_visits_influenza",2024-06-16,0.12,"Bexar County"
"48113","pct_ed_visits_influenza",2024-06-16,0.14,"Dallas County"
"48141","pct_ed_visits_influenza",2024-06-16,0.22,"El Paso County"
"48201","pct_ed_visits_influenza",2024-06-16,0.19,"Harris County"
"48453","pct_ed_visits_influenza",2024-06-16,0.25,"Travis County"
"48029","pct_ed_visits_influenza",2024-06-23,0.1,"Bexar County"
"48113","pct_ed_visits_influenza",2024-06-23,0.17,"Dallas County"
"48141","pct_ed_visits_influenza",2024-06-23,0.23,"El Paso County"
"48201","pct_ed_visits_influenza",2024-06-23,0.19,"Harris County"
"48453","pct_ed_visits_influenza",2024-06-23,0.2,"Travis County"
"48029","pct_ed_visits_influenza",2024-06-30,0.11,"Bexar County"
"48113","pct_ed_visits_influenza",2024-06-30,0.13,"Dallas County"
"48141","pct_ed_visits_influenza",2024-06-30,0.15,"El Paso County"
"48201","pct_ed_visits_influenza",2024-06-30,0.25,"Harris County"
"48453","pct_ed_visits_influenza",2024-06-30,0.21,"Travis County"
"48029","pct_ed_visits_influenza",2024-07-07,0.16,"Bexar County"
"48113","pct_ed_visits_influenza",2024-07-07,0.11,"Dallas County"
"48141","pct_ed_visits_influenza",2024-07-07,0.29,"El Paso County"
"48201","pct_ed_visits_influenza",2024-07-07,0.2,"Harris County"
"48453","pct_ed_visits_influenza",2024-07-07,0.18,"Travis County"
"48029","pct_ed_visits_influenza",2024-07-14,0.14,"Bexar County"
"48113","pct_ed_visits_influenza",2024-07-14,0.13,"Dallas County"
"48141","pct_ed_visits_influenza",2024-07-14,0.16,"El Paso County"
"48201","pct_ed_visits_influenza",2024-07-14,0.18,"Harris County"
"48453","pct_ed_visits_influenza",2024-07-14,0.31,"Travis County"
"48029","pct_ed_visits_influenza",2024-07-21,0.13,"Bexar County"
"48113","pct_ed_visits_influenza",2024-07-21,0.13,"Dallas County"
"48141","pct_ed_visits_influenza",2024-07-21,0.17,"El Paso County"
"48201","pct_ed_visits_influenza",2024-07-21,0.27,"Harris County"
"48453","pct_ed_visits_influenza",2024-07-21,0.14,"Travis County"
"48029","pct_ed_visits_influenza",2024-07-28,0.09,"Bexar County"
"48113","pct_ed_visits_influenza",2024-07-28,0.15,"Dallas County"
"48141","pct_ed_visits_influenza",2024-07-28,0.19,"El Paso County"
"48201","pct_ed_visits_influenza",2024-07-28,0.23,"Harris County"
"48453","pct_ed_visits_influenza",2024-07-28,0.2,"Travis County"
"48029","pct_ed_visits_influenza",2024-08-04,0.12,"Bexar County"
"48113","pct_ed_visits_influenza",2024-08-04,0.12,"Dallas County"
"48141","pct_ed_visits_influenza",2024-08-04,0.26,"El Paso County"
"48201","pct_ed_visits_influenza",2024-08-04,0.22,"Harris County"
"48453","pct_ed_visits_influenza",2024-08-04,0.29,"Travis County"
"48029","pct_ed_visits_influenza",2024-08-11,0.08,"Bexar County"
"48113","pct_ed_visits_influenza",2024-08-11,0.12,"Dallas County"
"48141","pct_ed_visits_influenza",2024-08-11,0.16,"El Paso County"
"48201","pct_ed_visits_influenza",2024-08-11,0.2,"Harris County"
"48453","pct_ed_visits_influenza",2024-08-11,0.17,"Travis County"
"48029","pct_ed_visits_influenza",2024-08-18,0.14,"Bexar County"
"48113","pct_ed_visits_influenza",2024-08-18,0.16,"Dallas County"
"48141","pct_ed_visits_influenza",2024-08-18,0.21,"El Paso County"
"48201","pct_ed_visits_influenza",2024-08-18,0.25,"Harris County"
"48453","pct_ed_visits_influenza",2024-08-18,0.11,"Travis County"
"48029","pct_ed_visits_influenza",2024-08-25,0.13,"Bexar County"
"48113","pct_ed_visits_influenza",2024-08-25,0.19,"Dallas County"
"48141","pct_ed_visits_influenza",2024-08-25,0.14,"El Paso County"
"48201","pct_ed_visits_influenza",2024-08-25,0.28,"Harris County"
"48453","pct_ed_visits_influenza",2024-08-25,0.23,"Travis County"
"48029","pct_ed_visits_influenza",2024-09-01,0.14,"Bexar County"
"48113","pct_ed_visits_influenza",2024-09-01,0.21,"Dallas County"
"48141","pct_ed_visits_influenza",2024-09-01,0.15,"El Paso County"
"48201","pct_ed_visits_influenza",2024-09-01,0.29,"Harris County"
"48453","pct_ed_visits_influenza",2024-09-01,0.24,"Travis County"
"48029","pct_ed_visits_influenza",2024-09-08,0.12,"Bexar County"
"48113","pct_ed_visits_influenza",2024-09-08,0.21,"Dallas County"
"48141","pct_ed_visits_influenza",2024-09-08,0.29,"El Paso County"
"48201","pct_ed_visits_influenza",2024-09-08,0.31,"Harris County"
"48453","pct_ed_visits_influenza",2024-09-08,0.25,"Travis County"
"48029","pct_ed_visits_influenza",2024-09-15,0.1,"Bexar County"
"48113","pct_ed_visits_influenza",2024-09-15,0.2,"Dallas County"
"48141","pct_ed_visits_influenza",2024-09-15,0.27,"El Paso County"
"48201","pct_ed_visits_influenza",2024-09-15,0.32,"Harris County"
"48453","pct_ed_visits_influenza",2024-09-15,0.2,"Travis County"
"48029","pct_ed_visits_influenza",2024-09-22,0.21,"Bexar County"
"48113","pct_ed_visits_influenza",2024-09-22,0.16,"Dallas County"
"48141","pct_ed_visits_influenza",2024-09-22,0.14,"El Paso County"
"48201","pct_ed_visits_influenza",2024-09-22,0.3,"Harris County"
"48453","pct_ed_visits_influenza",2024-09-22,0.27,"Travis County"
"48029","pct_ed_visits_influenza",2024-09-29,0.19,"Bexar County"
"48113","pct_ed_visits_influenza",2024-09-29,0.19,"Dallas County"
"48141","pct_ed_visits_influenza",2024-09-29,0.23,"El Paso County"
"48201","pct_ed_visits_influenza",2024-09-29,0.31,"Harris County"
"48453","pct_ed_visits_influenza",2024-09-29,0.32,"Travis County"
"48029","pct_ed_visits_influenza",2024-10-06,0.19,"Bexar County"
"48113","pct_ed_visits_influenza",2024-10-06,0.22,"Dallas County"
"48141","pct_ed_visits_influenza",2024-10-06,0.23,"El Paso County"
"48201","pct_ed_visits_influenza",2024-10-06,0.36,"Harris County"
"48453","pct_ed_visits_influenza",2024-10-06,0.27,"Travis County"
"48029","pct_ed_visits_influenza",2024-10-13,0.31,"Bexar County"
"48113","pct_ed_visits_influenza",2024-10-13,0.16,"Dallas County"
"48141","pct_ed_visits_influenza",2024-10-13,0.31,"El Paso County"
"48201","pct_ed_visits_influenza",2024-10-13,0.35,"Harris County"
"48453","pct_ed_visits_influenza",2024-10-13,0.32,"Travis County"
"48029","pct_ed_visits_influenza",2024-10-20,0.34,"Bexar County"
"48113","pct_ed_visits_influenza",2024-10-20,0.25,"Dallas County"
"48141","pct_ed_visits_influenza",2024-10-20,0.33,"El Paso County"
"48201","pct_ed_visits_influenza",2024-10-20,0.47,"Harris County"
"48453","pct_ed_visits_influenza",2024-10-20,0.2,"Travis County"
"48029","pct_ed_visits_influenza",2024-10-27,0.44,"Bexar County"
"48113","pct_ed_visits_influenza",2024-10-27,0.22,"Dallas County"
"48141","pct_ed_visits_influenza",2024-10-27,0.66,"El Paso County"
"48201","pct_ed_visits_influenza",2024-10-27,0.47,"Harris County"
"48453","pct_ed_visits_influenza",2024-10-27,0.31,"Travis County"
"48029","pct_ed_visits_influenza",2024-11-03,0.47,"Bexar County"
"48113","pct_ed_visits_influenza",2024-11-03,0.26,"Dallas County"
"48141","pct_ed_visits_influenza",2024-11-03,0.53,"El Paso County"
"48201","pct_ed_visits_influenza",2024-11-03,0.72,"Harris County"
"48453","pct_ed_visits_influenza",2024-11-03,0.23,"Travis County"
"48029","pct_ed_visits_influenza",2024-11-10,0.58,"Bexar County"
"48113","pct_ed_visits_influenza",2024-11-10,0.31,"Dallas County"
"48141","pct_ed_visits_influenza",2024-11-10,0.55,"El Paso County"
"48201","pct_ed_visits_influenza",2024-11-10,0.83,"Harris County"
"48453","pct_ed_visits_influenza",2024-11-10,0.22,"Travis County"
"48029","pct_ed_visits_influenza",2024-11-17,0.73,"Bexar County"
"48113","pct_ed_visits_influenza",2024-11-17,0.36,"Dallas County"
"48141","pct_ed_visits_influenza",2024-11-17,0.74,"El Paso County"
"48201","pct_ed_visits_influenza",2024-11-17,1.14,"Harris County"
"48453","pct_ed_visits_influenza",2024-11-17,0.42,"Travis County"
"48029","pct_ed_visits_influenza",2024-11-24,1.51,"Bexar County"
"48113","pct_ed_visits_influenza",2024-11-24,0.55,"Dallas County"
"48141","pct_ed_visits_influenza",2024-11-24,1.24,"El Paso County"
"48201","pct_ed_visits_influenza",2024-11-24,1.72,"Harris County"
"48453","pct_ed_visits_influenza",2024-11-24,0.63,"Travis County"
"48029","pct_ed_visits_influenza",2024-12-01,1.32,"Bexar County"
"48113","pct_ed_visits_influenza",2024-12-01,0.89,"Dallas County"
"48141","pct_ed_visits_influenza",2024-12-01,1.14,"El Paso County"
"48201","pct_ed_visits_influenza",2024-12-01,1.7,"Harris County"
"48453","pct_ed_visits_influenza",2024-12-01,0.75,"Travis County"
"48029","pct_ed_visits_influenza",2024-12-08,2.79,"Bexar County"
"48113","pct_ed_visits_influenza",2024-12-08,1.62,"Dallas County"
"48141","pct_ed_visits_influenza",2024-12-08,1.39,"El Paso County"
"48201","pct_ed_visits_influenza",2024-12-08,2.78,"Harris County"
"48453","pct_ed_visits_influenza",2024-12-08,1.27,"Travis County"
"48029","pct_ed_visits_influenza",2024-12-15,4.65,"Bexar County"
"48113","pct_ed_visits_influenza",2024-12-15,3.32,"Dallas County"
"48141","pct_ed_visits_influenza",2024-12-15,3.09,"El Paso County"
"48201","pct_ed_visits_influenza",2024-12-15,4.45,"Harris County"
"48453","pct_ed_visits_influenza",2024-12-15,2.4,"Travis County"
"48029","pct_ed_visits_influenza",2024-12-22,6.82,"Bexar County"
"48113","pct_ed_visits_influenza",2024-12-22,5.96,"Dallas County"
"48141","pct_ed_visits_influenza",2024-12-22,7.27,"El Paso County"
"48201","pct_ed_visits_influenza",2024-12-22,6.64,"Harris County"
"48453","pct_ed_visits_influenza",2024-12-22,3.69,"Travis County"
"48029","pct_ed_visits_influenza",2024-12-29,5.69,"Bexar County"
"48113","pct_ed_visits_influenza",2024-12-29,4.98,"Dallas County"
"48141","pct_ed_visits_influenza",2024-12-29,7.03,"El Paso County"
"48201","pct_ed_visits_influenza",2024-12-29,5.51,"Harris County"
"48453","pct_ed_visits_influenza",2024-12-29,3.55,"Travis County"
"48029","pct_ed_visits_influenza",2025-01-05,5.48,"Bexar County"
"48113","pct_ed_visits_influenza",2025-01-05,5.04,"Dallas County"
"48141","pct_ed_visits_influenza",2025-01-05,7.18,"El Paso County"
"48201","pct_ed_visits_influenza",2025-01-05,4.19,"Harris County"
"48453","pct_ed_visits_influenza",2025-01-05,3.92,"Travis County"
"48029","pct_ed_visits_influenza",2025-01-12,8.79,"Bexar County"
"48113","pct_ed_visits_influenza",2025-01-12,5.98,"Dallas County"
"48141","pct_ed_visits_influenza",2025-01-12,5.82,"El Paso County"
"48201","pct_ed_visits_influenza",2025-01-12,5.41,"Harris County"
"48453","pct_ed_visits_influenza",2025-01-12,6.91,"Travis County"
"48029","pct_ed_visits_influenza",2025-01-19,12.21,"Bexar County"
"48113","pct_ed_visits_influenza",2025-01-19,9.77,"Dallas County"
"48141","pct_ed_visits_influenza",2025-01-19,6.61,"El Paso County"
"48201","pct_ed_visits_influenza",2025-01-19,6.58,"Harris County"
"48453","pct_ed_visits_influenza",2025-01-19,9.94,"Travis County"
"48029","pct_ed_visits_influenza",2025-01-26,11.67,"Bexar County"
"48113","pct_ed_visits_influenza",2025-01-26,12.65,"Dallas County"
"48141","pct_ed_visits_influenza",2025-01-26,6.82,"El Paso County"
"48201","pct_ed_visits_influenza",2025-01-26,5.87,"Harris County"
"48453","pct_ed_visits_influenza",2025-01-26,10.86,"Travis County"
"48029","pct_ed_visits_influenza",2025-02-02,8.81,"Bexar County"
"48113","pct_ed_visits_influenza",2025-02-02,9.7,"Dallas County"
"48141","pct_ed_visits_influenza",2025-02-02,6.31,"El Paso County"
"48201","pct_ed_visits_influenza",2025-02-02,5.26,"Harris County"
"48453","pct_ed_visits_influenza",2025-02-02,7.98,"Travis County"
"48029","pct_ed_visits_influenza",2025-02-09,5.46,"Bexar County"
"48113","pct_ed_visits_influenza",2025-02-09,5.46,"Dallas County"
"48141","pct_ed_visits_influenza",2025-02-09,5.05,"El Paso County"
"48201","pct_ed_visits_influenza",2025-02-09,3.73,"Harris County"
"48453","pct_ed_visits_influenza",2025-02-09,4.33,"Travis County"
"48029","pct_ed_visits_influenza",2025-02-16,3.96,"Bexar County"
"48113","pct_ed_visits_influenza",2025-02-16,4.28,"Dallas County"
"48141","pct_ed_visits_influenza",2025-02-16,3.88,"El Paso County"
"48201","pct_ed_visits_influenza",2025-02-16,3.36,"Harris County"
"48453","pct_ed_visits_influenza",2025-02-16,3.74,"Travis County"
