"reference_date","location","horizon","target","target_end_date","output_type","output_type_id","value"
2025-11-29,"clt-area",0,"Flu ED visits pct",2025-11-29,"quantile",0.025,1.71332375
2025-11-29,"clt-area",0,"Flu ED visits pct",2025-11-29,"quantile",0.05,1.901075
2025-11-29,"clt-area",0,"Flu ED visits pct",2025-11-29,"quantile",0.1,2.178542
2025-11-29,"clt-area",0,"Flu ED visits pct",2025-11-29,"quantile",0.25,2.621935
2025-11-29,"clt-area",0,"Flu ED visits pct",2025-11-29,"quantile",0.5,3.238405
2025-11-29,"clt-area",0,"Flu ED visits pct",2025-11-29,"quantile",0.75,3.9417075
2025-11-29,"clt-area",0,"Flu ED visits pct",2025-11-29,"quantile",0.9,4.828099
2025-11-29,"clt-area",0,"Flu ED visits pct",2025-11-29,"quantile",0.95,5.3412655
2025-11-29,"clt-area",0,"Flu ED visits pct",2025-11-29,"quantile",0.975,6.05282075
2025-11-29,"fay-area",0,"Flu ED visits pct",2025-11-29,"quantile",0.025,0.824544275
2025-11-29,"fay-area",0,"Flu ED visits pct",2025-11-29,"quantile",0.05,0.94125515
2025-11-29,"fay-area",0,"Flu ED visits pct",2025-11-29,"quantile",0.1,1.059388
2025-11-29,"fay-area",0,"Flu ED visits pct",2025-11-29,"quantile",0.25,1.32054
2025-11-29,"fay-area",0,"Flu ED visits pct",2025-11-29,"quantile",0.5,1.675995
2025-11-29,"fay-area",0,"Flu ED visits pct",2025-11-29,"quantile",0.75,2.1449625
2025-11-29,"fay-area",0,"Flu ED visits pct",2025-11-29,"quantile",0.9,2.622575
2025-11-29,"fay-area",0,"Flu ED visits pct",2025-11-29,"quantile",0.95,2.987092
2025-11-29,"fay-area",0,"Flu ED visits pct",2025-11-29,"quantile",0.975,3.282844
2025-11-29,"nenc",0,"Flu ED visits pct",2025-11-29,"quantile",0.025,0.69698325
2025-11-29,"nenc",0,"Flu ED visits pct",2025-11-29,"quantile",0.05,0.7917659
2025-11-29,"nenc",0,"Flu ED visits pct",2025-11-29,"quantile",0.1,0.9464754
2025-11-29,"nenc",0,"Flu ED visits pct",2025-11-29,"quantile",0.25,1.202845
2025-11-29,"nenc",0,"Flu ED visits pct",2025-11-29,"quantile",0.5,1.572675
2025-11-29,"nenc",0,"Flu ED visits pct",2025-11-29,"quantile",0.75,2.0086675
2025-11-29,"nenc",0,"Flu ED visits pct",2025-11-29,"quantile",0.9,2.496958
2025-11-29,"nenc",0,"Flu ED visits pct",2025-11-29,"quantile",0.95,2.8404645
2025-11-29,"nenc",0,"Flu ED visits pct",2025-11-29,"quantile",0.975,3.155389
2025-11-29,"rtp-area",0,"Flu ED visits pct",2025-11-29,"quantile",0.025,0.588039725
2025-11-29,"rtp-area",0,"Flu ED visits pct",2025-11-29,"quantile",0.05,0.6791127
2025-11-29,"rtp-area",0,"Flu ED visits pct",2025-11-29,"quantile",0.1,0.7841983
2025-11-29,"rtp-area",0,"Flu ED visits pct",2025-11-29,"quantile",0.25,1.0136025
2025-11-29,"rtp-area",0,"Flu ED visits pct",2025-11-29,"quantile",0.5,1.306605
2025-11-29,"rtp-area",0,"Flu ED visits pct",2025-11-29,"quantile",0.75,1.6453325
2025-11-29,"rtp-area",0,"Flu ED visits pct",2025-11-29,"quantile",0.9,2.061535
2025-11-29,"rtp-area",0,"Flu ED visits pct",2025-11-29,"quantile",0.95,2.4507635
2025-11-29,"rtp-area",0,"Flu ED visits pct",2025-11-29,"quantile",0.975,2.6964955
2025-11-29,"senc",0,"Flu ED visits pct",2025-11-29,"quantile",0.025,0.1039092
2025-11-29,"senc",0,"Flu ED visits pct",2025-11-29,"quantile",0.05,0.13843185
2025-11-29,"senc",0,"Flu ED visits pct",2025-11-29,"quantile",0.1,0.1801308
2025-11-29,"senc",0,"Flu ED visits pct",2025-11-29,"quantile",0.25,0.2767015
2025-11-29,"senc",0,"Flu ED visits pct",2025-11-29,"quantile",0.5,0.412479
2025-11-29,"senc",0,"Flu ED visits pct",2025-11-29,"quantile",0.75,0.5862985
2025-11-29,"senc",0,"Flu ED visits pct",2025-11-29,"quantile",0.9,0.802967
2025-11-29,"senc",0,"Flu ED visits pct",2025-11-29,"quantile",0.95,0.9823582
2025-11-29,"senc",0,"Flu ED visits pct",2025-11-29,"quantile",0.975,1.11691625
2025-11-29,"triad-area",0,"Flu ED visits pct",2025-11-29,"quantile",0.025,0.639720925
2025-11-29,"triad-area",0,"Flu ED visits pct",2025-11-29,"quantile",0.05,0.7294522
2025-11-29,"triad-area",0,"Flu ED visits pct",2025-11-29,"quantile",0.1,0.8480665
2025-11-29,"triad-area",0,"Flu ED visits pct",2025-11-29,"quantile",0.25,1.051335
2025-11-29,"triad-area",0,"Flu ED visits pct",2025-11-29,"quantile",0.5,1.34148
2025-11-29,"triad-area",0,"Flu ED visits pct",2025-11-29,"quantile",0.75,1.6928775
2025-11-29,"triad-area",0,"Flu ED visits pct",2025-11-29,"quantile",0.9,2.08293
2025-11-29,"triad-area",0,"Flu ED visits pct",2025-11-29,"quantile",0.95,2.3961005
2025-11-29,"triad-area",0,"Flu ED visits pct",2025-11-29,"quantile",0.975,2.61494725
2025-11-29,"wnc",0,"Flu ED visits pct",2025-11-29,"quantile",0.025,0.181157875
2025-11-29,"wnc",0,"Flu ED visits pct",2025-11-29,"quantile",0.05,0.21976815
2025-11-29,"wnc",0,"Flu ED visits pct",2025-11-29,"quantile",0.1,0.2733518
2025-11-29,"wnc",0,"Flu ED visits pct",2025-11-29,"quantile",0.25,0.38182425
2025-11-29,"wnc",0,"Flu ED visits pct",2025-11-29,"quantile",0.5,0.5328455
2025-11-29,"wnc",0,"Flu ED visits pct",2025-11-29,"quantile",0.75,0.7295195
2025-11-29,"wnc",0,"Flu ED visits pct",2025-11-29,"quantile",0.9,0.949984
2025-11-29,"wnc",0,"Flu ED visits pct",2025-11-29,"quantile",0.95,1.1255245
2025-11-29,"wnc",0,"Flu ED visits pct",2025-11-29,"quantile",0.975,1.2823775
2025-11-29,"clt-area",1,"Flu ED visits pct",2025-12-06,"quantile",0.025,1.64718775
2025-11-29,"clt-area",1,"Flu ED visits pct",2025-12-06,"quantile",0.05,1.894709
2025-11-29,"clt-area",1,"Flu ED visits pct",2025-12-06,"quantile",0.1,2.247921
2025-11-29,"clt-area",1,"Flu ED visits pct",2025-12-06,"quantile",0.25,2.9386825
2025-11-29,"clt-area",1,"Flu ED visits pct",2025-12-06,"quantile",0.5,3.81578
2025-11-29,"clt-area",1,"Flu ED visits pct",2025-12-06,"quantile",0.75,5.1017125
2025-11-29,"clt-area",1,"Flu ED visits pct",2025-12-06,"quantile",0.9,6.486598
2025-11-29,"clt-area",1,"Flu ED visits pct",2025-12-06,"quantile",0.95,7.353374
2025-11-29,"clt-area",1,"Flu ED visits pct",2025-12-06,"quantile",0.975,8.363149
2025-11-29,"fay-area",1,"Flu ED visits pct",2025-12-06,"quantile",0.025,0.76464525
2025-11-29,"fay-area",1,"Flu ED visits pct",2025-12-06,"quantile",0.05,0.8850852
2025-11-29,"fay-area",1,"Flu ED visits pct",2025-12-06,"quantile",0.1,1.049891
2025-11-29,"fay-area",1,"Flu ED visits pct",2025-12-06,"quantile",0.25,1.41945
2025-11-29,"fay-area",1,"Flu ED visits pct",2025-12-06,"quantile",0.5,1.935545
2025-11-29,"fay-area",1,"Flu ED visits pct",2025-12-06,"quantile",0.75,2.6223375
2025-11-29,"fay-area",1,"Flu ED visits pct",2025-12-06,"quantile",0.9,3.378789
2025-11-29,"fay-area",1,"Flu ED visits pct",2025-12-06,"quantile",0.95,4.0314615
2025-11-29,"fay-area",1,"Flu ED visits pct",2025-12-06,"quantile",0.975,4.691632
2025-11-29,"nenc",1,"Flu ED visits pct",2025-12-06,"quantile",0.025,0.666757
2025-11-29,"nenc",1,"Flu ED visits pct",2025-12-06,"quantile",0.05,0.79795425
2025-11-29,"nenc",1,"Flu ED visits pct",2025-12-06,"quantile",0.1,0.9583934
2025-11-29,"nenc",1,"Flu ED visits pct",2025-12-06,"quantile",0.25,1.297915
2025-11-29,"nenc",1,"Flu ED visits pct",2025-12-06,"quantile",0.5,1.856235
2025-11-29,"nenc",1,"Flu ED visits pct",2025-12-06,"quantile",0.75,2.5460125
2025-11-29,"nenc",1,"Flu ED visits pct",2025-12-06,"quantile",0.9,3.397017
2025-11-29,"nenc",1,"Flu ED visits pct",2025-12-06,"quantile",0.95,4.0961875
2025-11-29,"nenc",1,"Flu ED visits pct",2025-12-06,"quantile",0.975,4.8030645
2025-11-29,"rtp-area",1,"Flu ED visits pct",2025-12-06,"quantile",0.025,0.567614475
2025-11-29,"rtp-area",1,"Flu ED visits pct",2025-12-06,"quantile",0.05,0.69024715
2025-11-29,"rtp-area",1,"Flu ED visits pct",2025-12-06,"quantile",0.1,0.8268365
2025-11-29,"rtp-area",1,"Flu ED visits pct",2025-12-06,"quantile",0.25,1.13938
2025-11-29,"rtp-area",1,"Flu ED visits pct",2025-12-06,"quantile",0.5,1.59804
2025-11-29,"rtp-area",1,"Flu ED visits pct",2025-12-06,"quantile",0.75,2.21952
2025-11-29,"rtp-area",1,"Flu ED visits pct",2025-12-06,"quantile",0.9,2.960424
2025-11-29,"rtp-area",1,"Flu ED visits pct",2025-12-06,"quantile",0.95,3.617269
2025-11-29,"rtp-area",1,"Flu ED visits pct",2025-12-06,"quantile",0.975,3.97911674999999
2025-11-29,"senc",1,"Flu ED visits pct",2025-12-06,"quantile",0.025,0.0736803025
2025-11-29,"senc",1,"Flu ED visits pct",2025-12-06,"quantile",0.05,0.12059525
2025-11-29,"senc",1,"Flu ED visits pct",2025-12-06,"quantile",0.1,0.1776511
2025-11-29,"senc",1,"Flu ED visits pct",2025-12-06,"quantile",0.25,0.290095
2025-11-29,"senc",1,"Flu ED visits pct",2025-12-06,"quantile",0.5,0.483198
2025-11-29,"senc",1,"Flu ED visits pct",2025-12-06,"quantile",0.75,0.744024
2025-11-29,"senc",1,"Flu ED visits pct",2025-12-06,"quantile",0.9,1.095325
2025-11-29,"senc",1,"Flu ED visits pct",2025-12-06,"quantile",0.95,1.379615
2025-11-29,"senc",1,"Flu ED visits pct",2025-12-06,"quantile",0.975,1.62823025
2025-11-29,"triad-area",1,"Flu ED visits pct",2025-12-06,"quantile",0.025,0.637428875
2025-11-29,"triad-area",1,"Flu ED visits pct",2025-12-06,"quantile",0.05,0.71978335
2025-11-29,"triad-area",1,"Flu ED visits pct",2025-12-06,"quantile",0.1,0.8614662
2025-11-29,"triad-area",1,"Flu ED visits pct",2025-12-06,"quantile",0.25,1.1617525
2025-11-29,"triad-area",1,"Flu ED visits pct",2025-12-06,"quantile",0.5,1.580005
2025-11-29,"triad-area",1,"Flu ED visits pct",2025-12-06,"quantile",0.75,2.1700725
2025-11-29,"triad-area",1,"Flu ED visits pct",2025-12-06,"quantile",0.9,2.835932
2025-11-29,"triad-area",1,"Flu ED visits pct",2025-12-06,"quantile",0.95,3.35846
2025-11-29,"triad-area",1,"Flu ED visits pct",2025-12-06,"quantile",0.975,3.91858375
2025-11-29,"wnc",1,"Flu ED visits pct",2025-12-06,"quantile",0.025,0.17736785
2025-11-29,"wnc",1,"Flu ED visits pct",2025-12-06,"quantile",0.05,0.23185045
2025-11-29,"wnc",1,"Flu ED visits pct",2025-12-06,"quantile",0.1,0.2882556
2025-11-29,"wnc",1,"Flu ED visits pct",2025-12-06,"quantile",0.25,0.42409925
2025-11-29,"wnc",1,"Flu ED visits pct",2025-12-06,"quantile",0.5,0.6573975
2025-11-29,"wnc",1,"Flu ED visits pct",2025-12-06,"quantile",0.75,0.9511295
2025-11-29,"wnc",1,"Flu ED visits pct",2025-12-06,"quantile",0.9,1.356352
2025-11-29,"wnc",1,"Flu ED visits pct",2025-12-06,"quantile",0.95,1.6296425
2025-11-29,"wnc",1,"Flu ED visits pct",2025-12-06,"quantile",0.975,1.86964125
2025-11-29,"clt-area",2,"Flu ED visits pct",2025-12-13,"quantile",0.025,1.64085725
2025-11-29,"clt-area",2,"Flu ED visits pct",2025-12-13,"quantile",0.05,1.980798
2025-11-29,"clt-area",2,"Flu ED visits pct",2025-12-13,"quantile",0.1,2.357958
2025-11-29,"clt-area",2,"Flu ED visits pct",2025-12-13,"quantile",0.25,3.192965
2025-11-29,"clt-area",2,"Flu ED visits pct",2025-12-13,"quantile",0.5,4.46165
2025-11-29,"clt-area",2,"Flu ED visits pct",2025-12-13,"quantile",0.75,6.2116925
2025-11-29,"clt-area",2,"Flu ED visits pct",2025-12-13,"quantile",0.9,8.27017700000001
2025-11-29,"clt-area",2,"Flu ED visits pct",2025-12-13,"quantile",0.95,9.901851
2025-11-29,"clt-area",2,"Flu ED visits pct",2025-12-13,"quantile",0.975,11.2171775
2025-11-29,"fay-area",2,"Flu ED visits pct",2025-12-13,"quantile",0.025,0.72206415
2025-11-29,"fay-area",2,"Flu ED visits pct",2025-12-13,"quantile",0.05,0.86457985
2025-11-29,"fay-area",2,"Flu ED visits pct",2025-12-13,"quantile",0.1,1.095434
2025-11-29,"fay-area",2,"Flu ED visits pct",2025-12-13,"quantile",0.25,1.5387675
2025-11-29,"fay-area",2,"Flu ED visits pct",2025-12-13,"quantile",0.5,2.235585
2025-11-29,"fay-area",2,"Flu ED visits pct",2025-12-13,"quantile",0.75,3.2011325
2025-11-29,"fay-area",2,"Flu ED visits pct",2025-12-13,"quantile",0.9,4.45401
2025-11-29,"fay-area",2,"Flu ED visits pct",2025-12-13,"quantile",0.95,5.3661465
2025-11-29,"fay-area",2,"Flu ED visits pct",2025-12-13,"quantile",0.975,6.28833599999998
2025-11-29,"nenc",2,"Flu ED visits pct",2025-12-13,"quantile",0.025,0.657325075
2025-11-29,"nenc",2,"Flu ED visits pct",2025-12-13,"quantile",0.05,0.77912285
2025-11-29,"nenc",2,"Flu ED visits pct",2025-12-13,"quantile",0.1,0.9822736
2025-11-29,"nenc",2,"Flu ED visits pct",2025-12-13,"quantile",0.25,1.431045
2025-11-29,"nenc",2,"Flu ED visits pct",2025-12-13,"quantile",0.5,2.14525
2025-11-29,"nenc",2,"Flu ED visits pct",2025-12-13,"quantile",0.75,3.20587
2025-11-29,"nenc",2,"Flu ED visits pct",2025-12-13,"quantile",0.9,4.49972
2025-11-29,"nenc",2,"Flu ED visits pct",2025-12-13,"quantile",0.95,5.483924
2025-11-29,"nenc",2,"Flu ED visits pct",2025-12-13,"quantile",0.975,6.39018275
2025-11-29,"rtp-area",2,"Flu ED visits pct",2025-12-13,"quantile",0.025,0.574865775
2025-11-29,"rtp-area",2,"Flu ED visits pct",2025-12-13,"quantile",0.05,0.70874665
2025-11-29,"rtp-area",2,"Flu ED visits pct",2025-12-13,"quantile",0.1,0.9050277
2025-11-29,"rtp-area",2,"Flu ED visits pct",2025-12-13,"quantile",0.25,1.3186425
2025-11-29,"rtp-area",2,"Flu ED visits pct",2025-12-13,"quantile",0.5,1.987475
2025-11-29,"rtp-area",2,"Flu ED visits pct",2025-12-13,"quantile",0.75,2.957935
2025-11-29,"rtp-area",2,"Flu ED visits pct",2025-12-13,"quantile",0.9,4.025082
2025-11-29,"rtp-area",2,"Flu ED visits pct",2025-12-13,"quantile",0.95,4.9865725
2025-11-29,"rtp-area",2,"Flu ED visits pct",2025-12-13,"quantile",0.975,5.96391225
2025-11-29,"senc",2,"Flu ED visits pct",2025-12-13,"quantile",0.025,0.09261241
2025-11-29,"senc",2,"Flu ED visits pct",2025-12-13,"quantile",0.05,0.12958775
2025-11-29,"senc",2,"Flu ED visits pct",2025-12-13,"quantile",0.1,0.1942562
2025-11-29,"senc",2,"Flu ED visits pct",2025-12-13,"quantile",0.25,0.329223
2025-11-29,"senc",2,"Flu ED visits pct",2025-12-13,"quantile",0.5,0.583732
2025-11-29,"senc",2,"Flu ED visits pct",2025-12-13,"quantile",0.75,0.94812175
2025-11-29,"senc",2,"Flu ED visits pct",2025-12-13,"quantile",0.9,1.412426
2025-11-29,"senc",2,"Flu ED visits pct",2025-12-13,"quantile",0.95,1.821661
2025-11-29,"senc",2,"Flu ED visits pct",2025-12-13,"quantile",0.975,2.33676475
2025-11-29,"triad-area",2,"Flu ED visits pct",2025-12-13,"quantile",0.025,0.594948175
2025-11-29,"triad-area",2,"Flu ED visits pct",2025-12-13,"quantile",0.05,0.7004512
2025-11-29,"triad-area",2,"Flu ED visits pct",2025-12-13,"quantile",0.1,0.8795964
2025-11-29,"triad-area",2,"Flu ED visits pct",2025-12-13,"quantile",0.25,1.3076925
2025-11-29,"triad-area",2,"Flu ED visits pct",2025-12-13,"quantile",0.5,1.871055
2025-11-29,"triad-area",2,"Flu ED visits pct",2025-12-13,"quantile",0.75,2.7784775
2025-11-29,"triad-area",2,"Flu ED visits pct",2025-12-13,"quantile",0.9,3.836394
2025-11-29,"triad-area",2,"Flu ED visits pct",2025-12-13,"quantile",0.95,4.7599605
2025-11-29,"triad-area",2,"Flu ED visits pct",2025-12-13,"quantile",0.975,5.521572
2025-11-29,"wnc",2,"Flu ED visits pct",2025-12-13,"quantile",0.025,0.188635525
2025-11-29,"wnc",2,"Flu ED visits pct",2025-12-13,"quantile",0.05,0.23732385
2025-11-29,"wnc",2,"Flu ED visits pct",2025-12-13,"quantile",0.1,0.312419
2025-11-29,"wnc",2,"Flu ED visits pct",2025-12-13,"quantile",0.25,0.490983
2025-11-29,"wnc",2,"Flu ED visits pct",2025-12-13,"quantile",0.5,0.7961085
2025-11-29,"wnc",2,"Flu ED visits pct",2025-12-13,"quantile",0.75,1.22251
2025-11-29,"wnc",2,"Flu ED visits pct",2025-12-13,"quantile",0.9,1.897562
2025-11-29,"wnc",2,"Flu ED visits pct",2025-12-13,"quantile",0.95,2.416054
2025-11-29,"wnc",2,"Flu ED visits pct",2025-12-13,"quantile",0.975,2.858581
2025-11-29,"clt-area",3,"Flu ED visits pct",2025-12-20,"quantile",0.025,1.67603925
2025-11-29,"clt-area",3,"Flu ED visits pct",2025-12-20,"quantile",0.05,1.9535945
2025-11-29,"clt-area",3,"Flu ED visits pct",2025-12-20,"quantile",0.1,2.514821
2025-11-29,"clt-area",3,"Flu ED visits pct",2025-12-20,"quantile",0.25,3.476495
2025-11-29,"clt-area",3,"Flu ED visits pct",2025-12-20,"quantile",0.5,5.1358
2025-11-29,"clt-area",3,"Flu ED visits pct",2025-12-20,"quantile",0.75,7.5645725
2025-11-29,"clt-area",3,"Flu ED visits pct",2025-12-20,"quantile",0.9,10.60084
2025-11-29,"clt-area",3,"Flu ED visits pct",2025-12-20,"quantile",0.95,12.68306
2025-11-29,"clt-area",3,"Flu ED visits pct",2025-12-20,"quantile",0.975,14.9485325
2025-11-29,"fay-area",3,"Flu ED visits pct",2025-12-20,"quantile",0.025,0.74470965
2025-11-29,"fay-area",3,"Flu ED visits pct",2025-12-20,"quantile",0.05,0.8593131
2025-11-29,"fay-area",3,"Flu ED visits pct",2025-12-20,"quantile",0.1,1.096705
2025-11-29,"fay-area",3,"Flu ED visits pct",2025-12-20,"quantile",0.25,1.66029
2025-11-29,"fay-area",3,"Flu ED visits pct",2025-12-20,"quantile",0.5,2.48828
2025-11-29,"fay-area",3,"Flu ED visits pct",2025-12-20,"quantile",0.75,3.81496
2025-11-29,"fay-area",3,"Flu ED visits pct",2025-12-20,"quantile",0.9,5.466855
2025-11-29,"fay-area",3,"Flu ED visits pct",2025-12-20,"quantile",0.95,7.0211525
2025-11-29,"fay-area",3,"Flu ED visits pct",2025-12-20,"quantile",0.975,8.595227
2025-11-29,"nenc",3,"Flu ED visits pct",2025-12-20,"quantile",0.025,0.659985225
2025-11-29,"nenc",3,"Flu ED visits pct",2025-12-20,"quantile",0.05,0.800353
2025-11-29,"nenc",3,"Flu ED visits pct",2025-12-20,"quantile",0.1,1.003878
2025-11-29,"nenc",3,"Flu ED visits pct",2025-12-20,"quantile",0.25,1.6202825
2025-11-29,"nenc",3,"Flu ED visits pct",2025-12-20,"quantile",0.5,2.549015
2025-11-29,"nenc",3,"Flu ED visits pct",2025-12-20,"quantile",0.75,4.0246
2025-11-29,"nenc",3,"Flu ED visits pct",2025-12-20,"quantile",0.9,6.004952
2025-11-29,"nenc",3,"Flu ED visits pct",2025-12-20,"quantile",0.95,7.634367
2025-11-29,"nenc",3,"Flu ED visits pct",2025-12-20,"quantile",0.975,9.12723424999998
2025-11-29,"rtp-area",3,"Flu ED visits pct",2025-12-20,"quantile",0.025,0.59251805
2025-11-29,"rtp-area",3,"Flu ED visits pct",2025-12-20,"quantile",0.05,0.7604406
2025-11-29,"rtp-area",3,"Flu ED visits pct",2025-12-20,"quantile",0.1,0.9929539
2025-11-29,"rtp-area",3,"Flu ED visits pct",2025-12-20,"quantile",0.25,1.522465
2025-11-29,"rtp-area",3,"Flu ED visits pct",2025-12-20,"quantile",0.5,2.36816
2025-11-29,"rtp-area",3,"Flu ED visits pct",2025-12-20,"quantile",0.75,3.77977
2025-11-29,"rtp-area",3,"Flu ED visits pct",2025-12-20,"quantile",0.9,5.542945
2025-11-29,"rtp-area",3,"Flu ED visits pct",2025-12-20,"quantile",0.95,6.918036
2025-11-29,"rtp-area",3,"Flu ED visits pct",2025-12-20,"quantile",0.975,8.45335499999999
2025-11-29,"senc",3,"Flu ED visits pct",2025-12-20,"quantile",0.025,0.105187125
2025-11-29,"senc",3,"Flu ED visits pct",2025-12-20,"quantile",0.05,0.1439766
2025-11-29,"senc",3,"Flu ED visits pct",2025-12-20,"quantile",0.1,0.2066632
2025-11-29,"senc",3,"Flu ED visits pct",2025-12-20,"quantile",0.25,0.38251025
2025-11-29,"senc",3,"Flu ED visits pct",2025-12-20,"quantile",0.5,0.674479
2025-11-29,"senc",3,"Flu ED visits pct",2025-12-20,"quantile",0.75,1.207425
2025-11-29,"senc",3,"Flu ED visits pct",2025-12-20,"quantile",0.9,1.969235
2025-11-29,"senc",3,"Flu ED visits pct",2025-12-20,"quantile",0.95,2.574211
2025-11-29,"senc",3,"Flu ED visits pct",2025-12-20,"quantile",0.975,3.18717425
2025-11-29,"triad-area",3,"Flu ED visits pct",2025-12-20,"quantile",0.025,0.592093675
2025-11-29,"triad-area",3,"Flu ED visits pct",2025-12-20,"quantile",0.05,0.7109256
2025-11-29,"triad-area",3,"Flu ED visits pct",2025-12-20,"quantile",0.1,0.9256231
2025-11-29,"triad-area",3,"Flu ED visits pct",2025-12-20,"quantile",0.25,1.4209725
2025-11-29,"triad-area",3,"Flu ED visits pct",2025-12-20,"quantile",0.5,2.196875
2025-11-29,"triad-area",3,"Flu ED visits pct",2025-12-20,"quantile",0.75,3.4312725
2025-11-29,"triad-area",3,"Flu ED visits pct",2025-12-20,"quantile",0.9,4.879589
2025-11-29,"triad-area",3,"Flu ED visits pct",2025-12-20,"quantile",0.95,6.1818315
2025-11-29,"triad-area",3,"Flu ED visits pct",2025-12-20,"quantile",0.975,7.07550525
2025-11-29,"wnc",3,"Flu ED visits pct",2025-12-20,"quantile",0.025,0.189140225
2025-11-29,"wnc",3,"Flu ED visits pct",2025-12-20,"quantile",0.05,0.24812905
2025-11-29,"wnc",3,"Flu ED visits pct",2025-12-20,"quantile",0.1,0.3423343
2025-11-29,"wnc",3,"Flu ED visits pct",2025-12-20,"quantile",0.25,0.54463775
2025-11-29,"wnc",3,"Flu ED visits pct",2025-12-20,"quantile",0.5,0.9128295
2025-11-29,"wnc",3,"Flu ED visits pct",2025-12-20,"quantile",0.75,1.512235
2025-11-29,"wnc",3,"Flu ED visits pct",2025-12-20,"quantile",0.9,2.446396
2025-11-29,"wnc",3,"Flu ED visits pct",2025-12-20,"quantile",0.95,3.2935655
2025-11-29,"wnc",3,"Flu ED visits pct",2025-12-20,"quantile",0.975,3.976742
2025-11-29,"north-carolina",0,"Flu ED visits pct",2025-11-29,"quantile",0.025,1.071977
2025-11-29,"north-carolina",0,"Flu ED visits pct",2025-11-29,"quantile",0.05,1.1328165
2025-11-29,"north-carolina",0,"Flu ED visits pct",2025-11-29,"quantile",0.1,1.255942
2025-11-29,"north-carolina",0,"Flu ED visits pct",2025-11-29,"quantile",0.25,1.4628225
2025-11-29,"north-carolina",0,"Flu ED visits pct",2025-11-29,"quantile",0.5,1.7695
2025-11-29,"north-carolina",0,"Flu ED visits pct",2025-11-29,"quantile",0.75,2.1192125
2025-11-29,"north-carolina",0,"Flu ED visits pct",2025-11-29,"quantile",0.9,2.498914
2025-11-29,"north-carolina",0,"Flu ED visits pct",2025-11-29,"quantile",0.95,2.7696875
2025-11-29,"north-carolina",0,"Flu ED visits pct",2025-11-29,"quantile",0.975,3.042865
2025-11-29,"north-carolina",1,"Flu ED visits pct",2025-12-06,"quantile",0.025,0.9997102
2025-11-29,"north-carolina",1,"Flu ED visits pct",2025-12-06,"quantile",0.05,1.1264225
2025-11-29,"north-carolina",1,"Flu ED visits pct",2025-12-06,"quantile",0.1,1.298566
2025-11-29,"north-carolina",1,"Flu ED visits pct",2025-12-06,"quantile",0.25,1.62725
2025-11-29,"north-carolina",1,"Flu ED visits pct",2025-12-06,"quantile",0.5,2.11006
2025-11-29,"north-carolina",1,"Flu ED visits pct",2025-12-06,"quantile",0.75,2.7225125
2025-11-29,"north-carolina",1,"Flu ED visits pct",2025-12-06,"quantile",0.9,3.362111
2025-11-29,"north-carolina",1,"Flu ED visits pct",2025-12-06,"quantile",0.95,3.7955865
2025-11-29,"north-carolina",1,"Flu ED visits pct",2025-12-06,"quantile",0.975,4.15822875
2025-11-29,"north-carolina",2,"Flu ED visits pct",2025-12-13,"quantile",0.025,1.02630875
2025-11-29,"north-carolina",2,"Flu ED visits pct",2025-12-13,"quantile",0.05,1.195677
2025-11-29,"north-carolina",2,"Flu ED visits pct",2025-12-13,"quantile",0.1,1.39906
2025-11-29,"north-carolina",2,"Flu ED visits pct",2025-12-13,"quantile",0.25,1.832815
2025-11-29,"north-carolina",2,"Flu ED visits pct",2025-12-13,"quantile",0.5,2.46845
2025-11-29,"north-carolina",2,"Flu ED visits pct",2025-12-13,"quantile",0.75,3.36895
2025-11-29,"north-carolina",2,"Flu ED visits pct",2025-12-13,"quantile",0.9,4.376963
2025-11-29,"north-carolina",2,"Flu ED visits pct",2025-12-13,"quantile",0.95,5.0365025
2025-11-29,"north-carolina",2,"Flu ED visits pct",2025-12-13,"quantile",0.975,5.84009374999999
2025-11-29,"north-carolina",3,"Flu ED visits pct",2025-12-20,"quantile",0.025,1.03741975
2025-11-29,"north-carolina",3,"Flu ED visits pct",2025-12-20,"quantile",0.05,1.2479145
2025-11-29,"north-carolina",3,"Flu ED visits pct",2025-12-20,"quantile",0.1,1.488728
2025-11-29,"north-carolina",3,"Flu ED visits pct",2025-12-20,"quantile",0.25,2.0322975
2025-11-29,"north-carolina",3,"Flu ED visits pct",2025-12-20,"quantile",0.5,2.874455
2025-11-29,"north-carolina",3,"Flu ED visits pct",2025-12-20,"quantile",0.75,4.123145
2025-11-29,"north-carolina",3,"Flu ED visits pct",2025-12-20,"quantile",0.9,5.524878
2025-11-29,"north-carolina",3,"Flu ED visits pct",2025-12-20,"quantile",0.95,6.493421
2025-11-29,"north-carolina",3,"Flu ED visits pct",2025-12-20,"quantile",0.975,7.71589725
2025-11-29,"nyc",0,"ILI ED visits pct",2025-11-29,"quantile",0.025,2.851418
2025-11-29,"nyc",0,"ILI ED visits pct",2025-11-29,"quantile",0.05,2.981673
2025-11-29,"nyc",0,"ILI ED visits pct",2025-11-29,"quantile",0.1,3.169475
2025-11-29,"nyc",0,"ILI ED visits pct",2025-11-29,"quantile",0.25,3.46266
2025-11-29,"nyc",0,"ILI ED visits pct",2025-11-29,"quantile",0.5,3.786775
2025-11-29,"nyc",0,"ILI ED visits pct",2025-11-29,"quantile",0.75,4.16226
2025-11-29,"nyc",0,"ILI ED visits pct",2025-11-29,"quantile",0.9,4.525599
2025-11-29,"nyc",0,"ILI ED visits pct",2025-11-29,"quantile",0.95,4.7615185
2025-11-29,"nyc",0,"ILI ED visits pct",2025-11-29,"quantile",0.975,4.946052
2025-11-29,"nyc",1,"ILI ED visits pct",2025-12-06,"quantile",0.025,2.9140865
2025-11-29,"nyc",1,"ILI ED visits pct",2025-12-06,"quantile",0.05,3.066161
2025-11-29,"nyc",1,"ILI ED visits pct",2025-12-06,"quantile",0.1,3.270082
2025-11-29,"nyc",1,"ILI ED visits pct",2025-12-06,"quantile",0.25,3.6432675
2025-11-29,"nyc",1,"ILI ED visits pct",2025-12-06,"quantile",0.5,4.1318
2025-11-29,"nyc",1,"ILI ED visits pct",2025-12-06,"quantile",0.75,4.6267875
2025-11-29,"nyc",1,"ILI ED visits pct",2025-12-06,"quantile",0.9,5.095882
2025-11-29,"nyc",1,"ILI ED visits pct",2025-12-06,"quantile",0.95,5.362685
2025-11-29,"nyc",1,"ILI ED visits pct",2025-12-06,"quantile",0.975,5.71542175
2025-11-29,"nyc",2,"ILI ED visits pct",2025-12-13,"quantile",0.025,2.984419
2025-11-29,"nyc",2,"ILI ED visits pct",2025-12-13,"quantile",0.05,3.2049555
2025-11-29,"nyc",2,"ILI ED visits pct",2025-12-13,"quantile",0.1,3.445712
2025-11-29,"nyc",2,"ILI ED visits pct",2025-12-13,"quantile",0.25,3.87722
2025-11-29,"nyc",2,"ILI ED visits pct",2025-12-13,"quantile",0.5,4.436135
2025-11-29,"nyc",2,"ILI ED visits pct",2025-12-13,"quantile",0.75,5.0208725
2025-11-29,"nyc",2,"ILI ED visits pct",2025-12-13,"quantile",0.9,5.641472
2025-11-29,"nyc",2,"ILI ED visits pct",2025-12-13,"quantile",0.95,6.080834
2025-11-29,"nyc",2,"ILI ED visits pct",2025-12-13,"quantile",0.975,6.47909075
2025-11-29,"nyc",3,"ILI ED visits pct",2025-12-20,"quantile",0.025,3.08288975
2025-11-29,"nyc",3,"ILI ED visits pct",2025-12-20,"quantile",0.05,3.3341245
2025-11-29,"nyc",3,"ILI ED visits pct",2025-12-20,"quantile",0.1,3.575954
2025-11-29,"nyc",3,"ILI ED visits pct",2025-12-20,"quantile",0.25,4.1046875
2025-11-29,"nyc",3,"ILI ED visits pct",2025-12-20,"quantile",0.5,4.73908
2025-11-29,"nyc",3,"ILI ED visits pct",2025-12-20,"quantile",0.75,5.4235025
2025-11-29,"nyc",3,"ILI ED visits pct",2025-12-20,"quantile",0.9,6.184871
2025-11-29,"nyc",3,"ILI ED visits pct",2025-12-20,"quantile",0.95,6.634646
2025-11-29,"nyc",3,"ILI ED visits pct",2025-12-20,"quantile",0.975,7.14437925
